--------------------------------------------------------
--  오라클 12c 계정 설정을 위한 세션 변경 
--------------------------------------------------------
ALTER SESSION SET "_ORACLE_SCRIPT"=TRUE;

--------------------------------------------------------
--  hkl 계정 및 모든 테이블 삭제
--------------------------------------------------------
DROP USER hkl CASCADE;

--------------------------------------------------------
--  hkl 계정 생성
--------------------------------------------------------
CREATE USER hkl IDENTIFIED BY root;

--------------------------------------------------------
--  hkl 계정에 DBA 권한 부여
--------------------------------------------------------
GRANT DBA TO hkl;

--------------------------------------------------------
--  create SEQUENCE
--------------------------------------------------------

DROP SEQUENCE "HKL"."SEQ_BOARD_ASK";
DROP SEQUENCE "HKL"."SEQ_BOARD_REVIEW";
DROP SEQUENCE "HKL"."SEQ_ORDER_NUMBER";

CREATE SEQUENCE "HKL"."SEQ_BOARD_ASK";
CREATE SEQUENCE "HKL"."SEQ_BOARD_REVIEW";
CREATE SEQUENCE "HKL"."SEQ_ORDER_NUMBER";


--------------------------------------------------------
--  파일이 생성됨 - 월요일-12월-14-2020   
--------------------------------------------------------
--------------------------------------------------------
--  DDL for Table AUTHORITIES
--------------------------------------------------------

  CREATE TABLE "HKL"."AUTHORITIES" 
   (	"AUTHORITIES_MEMBER_ID" VARCHAR2(15 BYTE), 
	"AUTHORITIES_MEMBER" VARCHAR2(20 BYTE), 
	"AUTHORITIES_MANAGER" VARCHAR2(20 BYTE), 
	"AUTHORITIES_ADMIN" VARCHAR2(20 BYTE)
   ) ;
--------------------------------------------------------
--  DDL for Table BASKET
--------------------------------------------------------

  CREATE TABLE "HKL"."BASKET" 
   (	"BASKET_MEMBER_ID" VARCHAR2(15 BYTE), 
	"BASKET_PRODUCT_CODE" CHAR(6 BYTE)
   ) ;
--------------------------------------------------------
--  DDL for Table BOARD_ASK
--------------------------------------------------------

  CREATE TABLE "HKL"."BOARD_ASK" 
   (	"BOARD_ASK_NUMBER" NUMBER, 
	"BOARD_ASK_MEMBER_ID" VARCHAR2(15 BYTE), 
	"BOARD_ASK_DATE" DATE DEFAULT sysdate, 
	"BOARD_ASK_TITLE" VARCHAR2(200 BYTE), 
	"BOARD_ASK_CONTENT" VARCHAR2(3000 BYTE), 
	"BOARD_ASK_STATE" VARCHAR2(30 BYTE) DEFAULT '접수 완료', 
	"BOARD_ASK_TYPE" NUMBER(1,0), 
	"BOARD_ASK_PRODUCT_CODE" CHAR(6 BYTE) DEFAULT 000000, 
	"BOARD_ASK_ORDER_NUMBER" NUMBER DEFAULT 0,
   	"BOARD_ASK_ANSWER" VARCHAR2(3000 BYTE) DEFAULT '문의내용을 확인하고있습니다.'
   ) ;
--------------------------------------------------------
--  DDL for Table BOARD_COMMENT
--------------------------------------------------------

  CREATE TABLE "HKL"."BOARD_COMMENT" 
   (	"BOARD_COMMENT_BOARD_REVIEW_NUMBER" NUMBER, 
	"BOARD_COMMENT_CONTENT" VARCHAR2(3000 BYTE), 
	"BOARD_COMMENT__MEMBER_ID" VARCHAR2(15 BYTE), 
	"BOARD_COMMENT__REGDATE" DATE DEFAULT sysdate
   ) ;
--------------------------------------------------------
--  DDL for Table BOARD_REVIEW
--------------------------------------------------------

  CREATE TABLE "HKL"."BOARD_REVIEW" 
   (	"BOARD_REVIEW_NUMBER" NUMBER, 
	"BOARD_REVIEW_MEMBER_ID" VARCHAR2(15 BYTE), 
	"BOARD_REVIEW_PRODUCT_CODE" CHAR(6 BYTE), 
	"BOARD_REVIEW_SCORE" NUMBER(1,0), 
	"BOARD_REVIEW_CONTENT" VARCHAR2(150 BYTE), 
	"BOARD_REVIEW_DATE" DATE DEFAULT sysdate,
    	"BOARD_REVIEW_IMG" VARCHAR2(100 BYTE), 
	"BOARD_REVIEW_IMGPATH" VARCHAR2(200 BYTE), 
	"BOARD_REVIEW_THUMBNAIL" VARCHAR2(100 BYTE)
   ) ;
--------------------------------------------------------
--  DDL for Table MEMBER
--------------------------------------------------------

  CREATE TABLE "HKL"."MEMBER" 
   (	"MEMBER_ID" VARCHAR2(15 BYTE), 
	"MEMBER_PW" CHAR(60 BYTE), 
	"MEMBER_NAME" VARCHAR2(15 BYTE), 
	"MEMBER_EMAIL" VARCHAR2(40 BYTE), 
	"MEMBER_TEL" CHAR(11 BYTE), 
	"MEMBER_REGDATE" DATE DEFAULT sysdate, 
	"MEMBER_ADDRESS" VARCHAR2(150 BYTE) DEFAULT '주소를 입력하여 주세요'
   ) ;
--------------------------------------------------------
--  DDL for Table PRODUCT
--------------------------------------------------------

  CREATE TABLE "HKL"."PRODUCT" 
   (	"PRODUCT_CODE" CHAR(6 BYTE), 
	"PRODUCT_NAME" VARCHAR2(100 BYTE), 
	"PRODUCT_BRAND" VARCHAR2(45 BYTE), 
	"PRODUCT_PRICE" NUMBER(8,0), 
	"PRODUCT_TYPE" NUMBER(4,0), 
	"PRODUCT_IMGPATH" VARCHAR2(200 BYTE), 
	"PRODUCT_IMG" VARCHAR2(100 BYTE), 
	"PRODUCT_THUMBNAIL" VARCHAR2(100 BYTE),
    	"PRODUCT_CONTENT" VARCHAR2(100 BYTE),
    	"PRODUCT_REGDATE" DATE
   ) ;
--------------------------------------------------------
--  DDL for Table PRODUCT_LIKE
--------------------------------------------------------

  CREATE TABLE "HKL"."PRODUCT_LIKE" 
   (	"LIKE_MEMBER_ID" VARCHAR2(15 BYTE), 
	"LIKE_PRODUCT_CODE" CHAR(6 BYTE)
   ) ;
--------------------------------------------------------
--  DDL for Table PRODUCT_ORDER
--------------------------------------------------------

  CREATE TABLE "HKL"."PRODUCT_ORDER" 
   (	"ORDER_NUMBER" NUMBER, 
	"ORDER_MEMBER_ID" VARCHAR2(15 BYTE), 
	"ORDER_PRODUCT" CHAR(6 BYTE), 
	"ORDER_DATE" DATE DEFAULT sysdate, 
	"ORDER_ADDRESS" VARCHAR2(150 BYTE), 
	"ORDER_STATE" VARCHAR2(60 BYTE) DEFAULT '주문 접수 처리중', 
	"ORDER_NAME" VARCHAR2(15 BYTE), 
	"ORDER_MEMO" VARCHAR2(60 BYTE), 
	"ORDER_TEL" CHAR(11 BYTE)
   ) ;
--------------------------------------------------------
--  DDL for Table PRODUCT_ORDER_LIST
--------------------------------------------------------

  CREATE TABLE "HKL"."PRODUCT_ORDER_LIST" 
   (	"ORDER_LIST_ORDER_NUMBER" NUMBER, 
	"ORDER_LIST_PRODUCT" CHAR(6 BYTE)
   ) ;
--------------------------------------------------------
--  DDL for Table STOCK
--------------------------------------------------------

  CREATE TABLE "HKL"."STOCK" 
   (	"STOCK_PRODUCT_CODE" CHAR(6 BYTE), 
	"STOCK_290" NUMBER DEFAULT 0, 
	"STOCK_295" NUMBER, 
	"STOCK_240" NUMBER, 
	"STOCK_245" NUMBER DEFAULT 0, 
	"STOCK_250" NUMBER, 
	"STOCK_255" NUMBER, 
	"STOCK_260" NUMBER, 
	"STOCK_265" NUMBER, 
	"STOCK_270" NUMBER, 
	"STOCK_275" NUMBER, 
	"STOCK_280" NUMBER, 
	"STOCK_285" NUMBER
   ) ;
REM INSERTING into HKL.AUTHORITIES
SET DEFINE OFF;
Insert into HKL.AUTHORITIES (AUTHORITIES_MEMBER_ID,AUTHORITIES_MEMBER,AUTHORITIES_MANAGER,AUTHORITIES_ADMIN) values ('kuku52313','ROLE_MEMBER','ROLE_MANAGER','ROLE_ADMIN');
Insert into HKL.AUTHORITIES (AUTHORITIES_MEMBER_ID,AUTHORITIES_MEMBER,AUTHORITIES_MANAGER,AUTHORITIES_ADMIN) values ('lee123','ROLE_MEMBER','ROLE_MANAGER','ROLE_ADMIN');
Insert into HKL.AUTHORITIES (AUTHORITIES_MEMBER_ID,AUTHORITIES_MEMBER,AUTHORITIES_MANAGER,AUTHORITIES_ADMIN) values ('hch4102','ROLE_MEMBER','ROLE_MANAGER','ROLE_ADMIN');
REM INSERTING into HKL.BASKET
SET DEFINE OFF;
REM INSERTING into HKL.BOARD_ASK
SET DEFINE OFF;
REM INSERTING into HKL.BOARD_COMMENT
SET DEFINE OFF;
REM INSERTING into HKL.BOARD_REVIEW
SET DEFINE OFF;
REM INSERTING into HKL.MEMBER
SET DEFINE OFF;
Insert into HKL.MEMBER (MEMBER_ID,MEMBER_PW,MEMBER_NAME,MEMBER_EMAIL,MEMBER_TEL,MEMBER_REGDATE,MEMBER_ADDRESS) values ('kuku52313','$2a$10$BM7FI3Xq6TwEmARKLSt84eKG8UTj3eQEFZdNkDM5j6qW3TwhNADTC','김희곤','lars523@naver.com','01099961644',to_date('20/12/14','RR/MM/DD'),null);
Insert into HKL.MEMBER (MEMBER_ID,MEMBER_PW,MEMBER_NAME,MEMBER_EMAIL,MEMBER_TEL,MEMBER_REGDATE,MEMBER_ADDRESS) values ('lee123','$2a$10$PQTmslxqg1FmhzOafPIwa.U9AcnWeyhhdeu7bQpCw.V1kiVQnG4xK','이예린','sasdfa@naver.com','01088888888',to_date('20/12/14','RR/MM/DD'),null);
Insert into HKL.MEMBER (MEMBER_ID,MEMBER_PW,MEMBER_NAME,MEMBER_EMAIL,MEMBER_TEL,MEMBER_REGDATE,MEMBER_ADDRESS) values ('hch4102','$2a$10$.mjOnnsEtUM73wjmMg7nPeq/ze76Emx3WNYqvEUVlxxOXDRqqrHJG','한창훈','hch4102@naver.com','01051249231',to_date('20/12/14','RR/MM/DD'),null);
REM INSERTING into HKL.PRODUCT
SET DEFINE OFF;
REM INSERTING into HKL.PRODUCT_LIKE
SET DEFINE OFF;
REM INSERTING into HKL.PRODUCT_ORDER
SET DEFINE OFF;
REM INSERTING into HKL.PRODUCT_ORDER_LIST
SET DEFINE OFF;
REM INSERTING into HKL.STOCK
SET DEFINE OFF;
--------------------------------------------------------
--  DDL for Index BOARD_ASK_PK
--------------------------------------------------------

  CREATE UNIQUE INDEX "HKL"."BOARD_ASK_PK" ON "HKL"."BOARD_ASK" ("BOARD_ASK_NUMBER") 
  ;
--------------------------------------------------------
--  DDL for Index BOARD_REVIEW_PK
--------------------------------------------------------

  CREATE UNIQUE INDEX "HKL"."BOARD_REVIEW_PK" ON "HKL"."BOARD_REVIEW" ("BOARD_REVIEW_NUMBER") 
  ;
--------------------------------------------------------
--  DDL for Index MEMBER_PK
--------------------------------------------------------

  CREATE UNIQUE INDEX "HKL"."MEMBER_PK" ON "HKL"."MEMBER" ("MEMBER_ID") 
  ;
--------------------------------------------------------
--  DDL for Index PRODUCT_PK
--------------------------------------------------------

  CREATE UNIQUE INDEX "HKL"."PRODUCT_PK" ON "HKL"."PRODUCT" ("PRODUCT_CODE") 
  ;
--------------------------------------------------------
--  DDL for Index PRODUCT_ORDER_PK
--------------------------------------------------------

  CREATE UNIQUE INDEX "HKL"."PRODUCT_ORDER_PK" ON "HKL"."PRODUCT_ORDER" ("ORDER_NUMBER") 
  ;
--------------------------------------------------------
--  Constraints for Table AUTHORITIES
--------------------------------------------------------

  ALTER TABLE "HKL"."AUTHORITIES" MODIFY ("AUTHORITIES_MEMBER_ID" NOT NULL ENABLE);
  ALTER TABLE "HKL"."AUTHORITIES" MODIFY ("AUTHORITIES_MEMBER" NOT NULL ENABLE);
--------------------------------------------------------
--  Constraints for Table BASKET
--------------------------------------------------------

  ALTER TABLE "HKL"."BASKET" MODIFY ("BASKET_MEMBER_ID" NOT NULL ENABLE);
  ALTER TABLE "HKL"."BASKET" MODIFY ("BASKET_PRODUCT_CODE" NOT NULL ENABLE);
--------------------------------------------------------
--  Constraints for Table BOARD_ASK
--------------------------------------------------------

  ALTER TABLE "HKL"."BOARD_ASK" MODIFY ("BOARD_ASK_NUMBER" NOT NULL ENABLE);
  ALTER TABLE "HKL"."BOARD_ASK" MODIFY ("BOARD_ASK_MEMBER_ID" NOT NULL ENABLE);
  ALTER TABLE "HKL"."BOARD_ASK" MODIFY ("BOARD_ASK_DATE" NOT NULL ENABLE);
  ALTER TABLE "HKL"."BOARD_ASK" MODIFY ("BOARD_ASK_TITLE" NOT NULL ENABLE);
  ALTER TABLE "HKL"."BOARD_ASK" MODIFY ("BOARD_ASK_CONTENT" NOT NULL ENABLE);
  ALTER TABLE "HKL"."BOARD_ASK" MODIFY ("BOARD_ASK_STATE" NOT NULL ENABLE);
  ALTER TABLE "HKL"."BOARD_ASK" MODIFY ("BOARD_ASK_TYPE" NOT NULL ENABLE);
  ALTER TABLE "HKL"."BOARD_ASK" ADD CONSTRAINT "BOARD_ASK_PK" PRIMARY KEY ("BOARD_ASK_NUMBER")
  USING INDEX  ENABLE;
--------------------------------------------------------
--  Constraints for Table BOARD_COMMENT
--------------------------------------------------------

  ALTER TABLE "HKL"."BOARD_COMMENT" MODIFY ("BOARD_COMMENT_BOARD_REVIEW_NUMBER" NOT NULL ENABLE);
  ALTER TABLE "HKL"."BOARD_COMMENT" MODIFY ("BOARD_COMMENT_CONTENT" NOT NULL ENABLE);
  ALTER TABLE "HKL"."BOARD_COMMENT" MODIFY ("BOARD_COMMENT__MEMBER_ID" NOT NULL ENABLE);
  ALTER TABLE "HKL"."BOARD_COMMENT" MODIFY ("BOARD_COMMENT__REGDATE" NOT NULL ENABLE);
--------------------------------------------------------
--  Constraints for Table BOARD_REVIEW
--------------------------------------------------------

  ALTER TABLE "HKL"."BOARD_REVIEW" MODIFY ("BOARD_REVIEW_NUMBER" NOT NULL ENABLE);
  ALTER TABLE "HKL"."BOARD_REVIEW" MODIFY ("BOARD_REVIEW_MEMBER_ID" NOT NULL ENABLE);
  ALTER TABLE "HKL"."BOARD_REVIEW" MODIFY ("BOARD_REVIEW_PRODUCT_CODE" NOT NULL ENABLE);
  ALTER TABLE "HKL"."BOARD_REVIEW" MODIFY ("BOARD_REVIEW_SCORE" NOT NULL ENABLE);
  ALTER TABLE "HKL"."BOARD_REVIEW" MODIFY ("BOARD_REVIEW_CONTENT" NOT NULL ENABLE);
  ALTER TABLE "HKL"."BOARD_REVIEW" ADD CONSTRAINT "BOARD_REVIEW_PK" PRIMARY KEY ("BOARD_REVIEW_NUMBER")
  USING INDEX  ENABLE;
--------------------------------------------------------
--  Constraints for Table MEMBER
--------------------------------------------------------

  ALTER TABLE "HKL"."MEMBER" MODIFY ("MEMBER_PW" NOT NULL ENABLE);
  ALTER TABLE "HKL"."MEMBER" MODIFY ("MEMBER_NAME" NOT NULL ENABLE);
  ALTER TABLE "HKL"."MEMBER" MODIFY ("MEMBER_EMAIL" NOT NULL ENABLE);
  ALTER TABLE "HKL"."MEMBER" MODIFY ("MEMBER_TEL" NOT NULL ENABLE);
  ALTER TABLE "HKL"."MEMBER" MODIFY ("MEMBER_REGDATE" NOT NULL ENABLE);
  ALTER TABLE "HKL"."MEMBER" MODIFY ("MEMBER_ID" NOT NULL ENABLE);
  ALTER TABLE "HKL"."MEMBER" ADD CONSTRAINT "MEMBER_PK" PRIMARY KEY ("MEMBER_ID")
  USING INDEX  ENABLE;
--------------------------------------------------------
--  Constraints for Table PRODUCT
--------------------------------------------------------

  ALTER TABLE "HKL"."PRODUCT" MODIFY ("PRODUCT_CODE" NOT NULL ENABLE);
  ALTER TABLE "HKL"."PRODUCT" MODIFY ("PRODUCT_NAME" NOT NULL ENABLE);
  ALTER TABLE "HKL"."PRODUCT" MODIFY ("PRODUCT_BRAND" NOT NULL ENABLE);
  ALTER TABLE "HKL"."PRODUCT" MODIFY ("PRODUCT_PRICE" NOT NULL ENABLE);
  ALTER TABLE "HKL"."PRODUCT" MODIFY ("PRODUCT_TYPE" NOT NULL ENABLE);
  ALTER TABLE "HKL"."PRODUCT" ADD CONSTRAINT "PRODUCT_PK" PRIMARY KEY ("PRODUCT_CODE")
  USING INDEX  ENABLE;
--------------------------------------------------------
--  Constraints for Table PRODUCT_LIKE
--------------------------------------------------------

  ALTER TABLE "HKL"."PRODUCT_LIKE" MODIFY ("LIKE_MEMBER_ID" NOT NULL ENABLE);
  ALTER TABLE "HKL"."PRODUCT_LIKE" MODIFY ("LIKE_PRODUCT_CODE" NOT NULL ENABLE);
--------------------------------------------------------
--  Constraints for Table PRODUCT_ORDER
--------------------------------------------------------

  ALTER TABLE "HKL"."PRODUCT_ORDER" MODIFY ("ORDER_NUMBER" NOT NULL ENABLE);
  ALTER TABLE "HKL"."PRODUCT_ORDER" MODIFY ("ORDER_MEMBER_ID" NOT NULL ENABLE);
  ALTER TABLE "HKL"."PRODUCT_ORDER" MODIFY ("ORDER_PRODUCT" NOT NULL ENABLE);
  ALTER TABLE "HKL"."PRODUCT_ORDER" MODIFY ("ORDER_DATE" NOT NULL ENABLE);
  ALTER TABLE "HKL"."PRODUCT_ORDER" MODIFY ("ORDER_ADDRESS" NOT NULL ENABLE);
  ALTER TABLE "HKL"."PRODUCT_ORDER" MODIFY ("ORDER_NAME" NOT NULL ENABLE);
  ALTER TABLE "HKL"."PRODUCT_ORDER" MODIFY ("ORDER_TEL" NOT NULL ENABLE);
  ALTER TABLE "HKL"."PRODUCT_ORDER" ADD CONSTRAINT "PRODUCT_ORDER_PK" PRIMARY KEY ("ORDER_NUMBER")
  USING INDEX  ENABLE;
--------------------------------------------------------
--  Constraints for Table STOCK
--------------------------------------------------------

  ALTER TABLE "HKL"."STOCK" MODIFY ("STOCK_PRODUCT_CODE" NOT NULL ENABLE);
--------------------------------------------------------
--  Ref Constraints for Table AUTHORITIES
--------------------------------------------------------

  ALTER TABLE "HKL"."AUTHORITIES" ADD CONSTRAINT "AUTHOLITIES_MEMBER_ID_FK_MEMBER_ID" FOREIGN KEY ("AUTHORITIES_MEMBER_ID")
	  REFERENCES "HKL"."MEMBER" ("MEMBER_ID") ON DELETE CASCADE ENABLE;
--------------------------------------------------------
--  Ref Constraints for Table BASKET
--------------------------------------------------------

  ALTER TABLE "HKL"."BASKET" ADD CONSTRAINT "BASKET_FK_PRODUCT_CODE" FOREIGN KEY ("BASKET_PRODUCT_CODE")
	  REFERENCES "HKL"."PRODUCT" ("PRODUCT_CODE") ON DELETE CASCADE ENABLE;
  ALTER TABLE "HKL"."BASKET" ADD CONSTRAINT "BASKET_FK_MEMBER_ID" FOREIGN KEY ("BASKET_MEMBER_ID")
	  REFERENCES "HKL"."MEMBER" ("MEMBER_ID") ON DELETE CASCADE ENABLE;
--------------------------------------------------------
--  Ref Constraints for Table BOARD_ASK
--------------------------------------------------------

  ALTER TABLE "HKL"."BOARD_ASK" ADD CONSTRAINT "BOARD_ASK_FK_MEMBER_ID" FOREIGN KEY ("BOARD_ASK_MEMBER_ID")
	  REFERENCES "HKL"."MEMBER" ("MEMBER_ID") ON DELETE CASCADE ENABLE;
--------------------------------------------------------
--  Ref Constraints for Table BOARD_COMMENT
--------------------------------------------------------

  ALTER TABLE "HKL"."BOARD_COMMENT" ADD CONSTRAINT "BOARD_COMMENT_FK_BOARD_REVIEW_NUMBER" FOREIGN KEY ("BOARD_COMMENT_BOARD_REVIEW_NUMBER")
	  REFERENCES "HKL"."BOARD_REVIEW" ("BOARD_REVIEW_NUMBER") ON DELETE CASCADE ENABLE;
--------------------------------------------------------
--  Ref Constraints for Table BOARD_REVIEW
--------------------------------------------------------

  ALTER TABLE "HKL"."BOARD_REVIEW" ADD CONSTRAINT "BOARD_REVIEW_FK_PRODUCT_CODE" FOREIGN KEY ("BOARD_REVIEW_PRODUCT_CODE")
	  REFERENCES "HKL"."PRODUCT" ("PRODUCT_CODE") ON DELETE CASCADE ENABLE;
  ALTER TABLE "HKL"."BOARD_REVIEW" ADD CONSTRAINT "BOARD_REVIEW_FK_MEMBER_ID" FOREIGN KEY ("BOARD_REVIEW_MEMBER_ID")
	  REFERENCES "HKL"."MEMBER" ("MEMBER_ID") ON DELETE CASCADE ENABLE;
--------------------------------------------------------
--  Ref Constraints for Table PRODUCT_LIKE
--------------------------------------------------------

  ALTER TABLE "HKL"."PRODUCT_LIKE" ADD CONSTRAINT "PRODUCT_LIKE_FK_PRODUCT_CODE" FOREIGN KEY ("LIKE_PRODUCT_CODE")
	  REFERENCES "HKL"."PRODUCT" ("PRODUCT_CODE") ON DELETE CASCADE ENABLE;
  ALTER TABLE "HKL"."PRODUCT_LIKE" ADD CONSTRAINT "PRODUCT_LIKE_FK_MEMBER_ID" FOREIGN KEY ("LIKE_MEMBER_ID")
	  REFERENCES "HKL"."MEMBER" ("MEMBER_ID") ON DELETE CASCADE ENABLE;
--------------------------------------------------------
--  Ref Constraints for Table PRODUCT_ORDER
--------------------------------------------------------

  ALTER TABLE "HKL"."PRODUCT_ORDER" ADD CONSTRAINT "PRODUCT_ORDER_PRODUCT_CODE_FK_PRODUCT_CODE" FOREIGN KEY ("ORDER_PRODUCT")
	  REFERENCES "HKL"."PRODUCT" ("PRODUCT_CODE") ENABLE;
  ALTER TABLE "HKL"."PRODUCT_ORDER" ADD CONSTRAINT "PRODUCT_ORDER_MEMBER_ID_FK_MEMBER_ID" FOREIGN KEY ("ORDER_MEMBER_ID")
	  REFERENCES "HKL"."MEMBER" ("MEMBER_ID") ENABLE;
--------------------------------------------------------
--  Ref Constraints for Table PRODUCT_ORDER_LIST
--------------------------------------------------------

  ALTER TABLE "HKL"."PRODUCT_ORDER_LIST" ADD CONSTRAINT "PRODUCT_ORDER_LIST_FK_ORDER_NUMBER" FOREIGN KEY ("ORDER_LIST_ORDER_NUMBER")
	  REFERENCES "HKL"."PRODUCT_ORDER" ("ORDER_NUMBER") ENABLE;
  ALTER TABLE "HKL"."PRODUCT_ORDER_LIST" ADD CONSTRAINT "PRODUCT_ORDER_LIST_FK1" FOREIGN KEY ("ORDER_LIST_PRODUCT")
	  REFERENCES "HKL"."PRODUCT" ("PRODUCT_CODE") ENABLE;
--------------------------------------------------------
--  Ref Constraints for Table STOCK
--------------------------------------------------------

  ALTER TABLE "HKL"."STOCK" ADD CONSTRAINT "STOCK_PRODUCT_CODE_FK_PRODUCT_CODE" FOREIGN KEY ("STOCK_PRODUCT_CODE")
	  REFERENCES "HKL"."PRODUCT" ("PRODUCT_CODE") ON DELETE CASCADE ENABLE;

--------------------------------------------------------
--  DUMMY DATA
--------------------------------------------------------	

Insert into HKL.PRODUCT (PRODUCT_CODE,PRODUCT_NAME,PRODUCT_BRAND,PRODUCT_PRICE,PRODUCT_TYPE,PRODUCT_IMGPATH,PRODUCT_IMG,PRODUCT_THUMBNAIL,PRODUCT_CONTENT,PRODUCT_REGDATE) values ('AA0111','챌린저 오리지날','나이키',30000,11,'\resources\product\2020\12\29','\M_eaac2788-c630-417c-aadd-1ccf4f3bb491_SNEAKERS_2.jpg','\S_eaac2788-c630-417c-aadd-1ccf4f3bb491_SNEAKERS_2.jpg','\C_eaac2788-c630-417c-aadd-1ccf4f3bb491_SNEAKERS_2.jpg',to_date('20/12/29','RR/MM/DD'));
Insert into HKL.PRODUCT (PRODUCT_CODE,PRODUCT_NAME,PRODUCT_BRAND,PRODUCT_PRICE,PRODUCT_TYPE,PRODUCT_IMGPATH,PRODUCT_IMG,PRODUCT_THUMBNAIL,PRODUCT_CONTENT,PRODUCT_REGDATE) values ('AA0211','에어 모나크 IV','나이키',30000,11,'\resources\product\2020\12\29','\M_132b81e5-d7d9-4615-b3ce-99cceb72c458_SNEAKERS_5.jpg','\S_132b81e5-d7d9-4615-b3ce-99cceb72c458_SNEAKERS_5.jpg','\C_132b81e5-d7d9-4615-b3ce-99cceb72c458_SNEAKERS_5.jpg',to_date('20/12/29','RR/MM/DD'));
Insert into HKL.PRODUCT (PRODUCT_CODE,PRODUCT_NAME,PRODUCT_BRAND,PRODUCT_PRICE,PRODUCT_TYPE,PRODUCT_IMGPATH,PRODUCT_IMG,PRODUCT_THUMBNAIL,PRODUCT_CONTENT,PRODUCT_REGDATE) values ('AA0311','우먼스 나이키 에어맥스 2','나이키',50000,11,'\resources\product\2020\12\29','\M_2a226c47-75aa-4cb5-8fe4-73d53e774422_SNEAKERS_18.jpg','\S_2a226c47-75aa-4cb5-8fe4-73d53e774422_SNEAKERS_18.jpg','\C_2a226c47-75aa-4cb5-8fe4-73d53e774422_SNEAKERS_18.jpg',to_date('20/12/29','RR/MM/DD'));
Insert into HKL.PRODUCT (PRODUCT_CODE,PRODUCT_NAME,PRODUCT_BRAND,PRODUCT_PRICE,PRODUCT_TYPE,PRODUCT_IMGPATH,PRODUCT_IMG,PRODUCT_THUMBNAIL,PRODUCT_CONTENT,PRODUCT_REGDATE) values ('AA0411','우먼스 나이키 코트 레거시','나이키',50000,11,'\resources\product\2020\12\29','\M_ed107bc7-6669-4966-a424-6411936991ee_SNEAKERS_16.jpg','\S_ed107bc7-6669-4966-a424-6411936991ee_SNEAKERS_16.jpg','\C_ed107bc7-6669-4966-a424-6411936991ee_SNEAKERS_16.jpg',to_date('20/12/29','RR/MM/DD'));
Insert into HKL.PRODUCT (PRODUCT_CODE,PRODUCT_NAME,PRODUCT_BRAND,PRODUCT_PRICE,PRODUCT_TYPE,PRODUCT_IMGPATH,PRODUCT_IMG,PRODUCT_THUMBNAIL,PRODUCT_CONTENT,PRODUCT_REGDATE) values ('AA0511','웨어올데이 보이프리스쿨','나이키',50000,11,'\resources\product\2020\12\29','\M_2d85c409-134f-4bab-842f-61f84a317177_SNEAKERS_3.jpg','\S_2d85c409-134f-4bab-842f-61f84a317177_SNEAKERS_3.jpg','\C_2d85c409-134f-4bab-842f-61f84a317177_SNEAKERS_3.jpg',to_date('20/12/29','RR/MM/DD'));
Insert into HKL.PRODUCT (PRODUCT_CODE,PRODUCT_NAME,PRODUCT_BRAND,PRODUCT_PRICE,PRODUCT_TYPE,PRODUCT_IMGPATH,PRODUCT_IMG,PRODUCT_THUMBNAIL,PRODUCT_CONTENT,PRODUCT_REGDATE) values ('AA0611','WX452KO1','뉴발란스',30000,11,'\resources\product\2020\12\29','\M_030a8ca7-f3ef-4739-867f-eb5cde734a2d_SNEAKERS_29.jpg','\S_030a8ca7-f3ef-4739-867f-eb5cde734a2d_SNEAKERS_29.jpg','\C_030a8ca7-f3ef-4739-867f-eb5cde734a2d_SNEAKERS_29.jpg',to_date('20/12/29','RR/MM/DD'));
Insert into HKL.PRODUCT (PRODUCT_CODE,PRODUCT_NAME,PRODUCT_BRAND,PRODUCT_PRICE,PRODUCT_TYPE,PRODUCT_IMGPATH,PRODUCT_IMG,PRODUCT_THUMBNAIL,PRODUCT_CONTENT,PRODUCT_REGDATE) values ('AA0711','YHMMOCPG','뉴발란스',50000,11,'\resources\product\2020\12\29','\M_2fea82a8-9f88-4728-9db8-e86c101c2b9c_SNEAKERS_17.jpg','\S_2fea82a8-9f88-4728-9db8-e86c101c2b9c_SNEAKERS_17.jpg','\C_2fea82a8-9f88-4728-9db8-e86c101c2b9c_SNEAKERS_17.jpg',to_date('20/12/29','RR/MM/DD'));
Insert into HKL.PRODUCT (PRODUCT_CODE,PRODUCT_NAME,PRODUCT_BRAND,PRODUCT_PRICE,PRODUCT_TYPE,PRODUCT_IMGPATH,PRODUCT_IMG,PRODUCT_THUMBNAIL,PRODUCT_CONTENT,PRODUCT_REGDATE) values ('AA0811','덤퍼 뉴 오리지널 캐논볼 파리','덤퍼',50000,11,'\resources\product\2020\12\29','\M_b423f283-08ab-4de7-b863-a5d4a213cc05_SNEAKERS_10.jpg','\S_b423f283-08ab-4de7-b863-a5d4a213cc05_SNEAKERS_10.jpg','\C_b423f283-08ab-4de7-b863-a5d4a213cc05_SNEAKERS_10.jpg',to_date('20/12/29','RR/MM/DD'));
Insert into HKL.PRODUCT (PRODUCT_CODE,PRODUCT_NAME,PRODUCT_BRAND,PRODUCT_PRICE,PRODUCT_TYPE,PRODUCT_IMGPATH,PRODUCT_IMG,PRODUCT_THUMBNAIL,PRODUCT_CONTENT,PRODUCT_REGDATE) values ('AA0911','디엠엑스','리복',50000,11,'\resources\product\2020\12\29','\M_cfd474a8-2103-4856-8691-c5cb7ace0798_57871_1606205778225.jpg','\S_cfd474a8-2103-4856-8691-c5cb7ace0798_57871_1606205778225.jpg','\C_cfd474a8-2103-4856-8691-c5cb7ace0798_57871_1606205778225.jpg',to_date('20/12/29','RR/MM/DD'));
Insert into HKL.PRODUCT (PRODUCT_CODE,PRODUCT_NAME,PRODUCT_BRAND,PRODUCT_PRICE,PRODUCT_TYPE,PRODUCT_IMGPATH,PRODUCT_IMG,PRODUCT_THUMBNAIL,PRODUCT_CONTENT,PRODUCT_REGDATE) values ('AA1011','벡터 러너','리복',50000,11,'\resources\product\2020\12\29','\M_e6bd4ef8-9d16-404a-8fde-d0ce2c5f6ce6_SNEAKERS_26.jpg','\S_e6bd4ef8-9d16-404a-8fde-d0ce2c5f6ce6_SNEAKERS_26.jpg','\C_e6bd4ef8-9d16-404a-8fde-d0ce2c5f6ce6_SNEAKERS_26.jpg',to_date('20/12/29','RR/MM/DD'));
Insert into HKL.PRODUCT (PRODUCT_CODE,PRODUCT_NAME,PRODUCT_BRAND,PRODUCT_PRICE,PRODUCT_TYPE,PRODUCT_IMGPATH,PRODUCT_IMG,PRODUCT_THUMBNAIL,PRODUCT_CONTENT,PRODUCT_REGDATE) values ('AA1111','클래식 레거시','리복',50000,11,'\resources\product\2020\12\29','\M_eac3e0e8-85e1-4bce-ad8d-88614cce3c5e_SNEAKERS_15.jpg','\S_eac3e0e8-85e1-4bce-ad8d-88614cce3c5e_SNEAKERS_15.jpg','\C_eac3e0e8-85e1-4bce-ad8d-88614cce3c5e_SNEAKERS_15.jpg',to_date('20/12/29','RR/MM/DD'));
Insert into HKL.PRODUCT (PRODUCT_CODE,PRODUCT_NAME,PRODUCT_BRAND,PRODUCT_PRICE,PRODUCT_TYPE,PRODUCT_IMGPATH,PRODUCT_IMG,PRODUCT_THUMBNAIL,PRODUCT_CONTENT,PRODUCT_REGDATE) values ('AA1211','클럽 레더 더블','리복',50000,11,'\resources\product\2020\12\29','\M_6d1eef10-0fb3-4d55-829a-0062bf75907a_SNEAKERS_25.jpg','\S_6d1eef10-0fb3-4d55-829a-0062bf75907a_SNEAKERS_25.jpg','\C_6d1eef10-0fb3-4d55-829a-0062bf75907a_SNEAKERS_25.jpg',to_date('20/12/29','RR/MM/DD'));
Insert into HKL.PRODUCT (PRODUCT_CODE,PRODUCT_NAME,PRODUCT_BRAND,PRODUCT_PRICE,PRODUCT_TYPE,PRODUCT_IMGPATH,PRODUCT_IMG,PRODUCT_THUMBNAIL,PRODUCT_CONTENT,PRODUCT_REGDATE) values ('AA1311','클럽 씨 더블','리복',50000,11,'\resources\product\2020\12\29','\M_aa8a03e1-c0d5-4486-9250-55a7c8e6a36c_SNEAKERS_27.jpg','\S_aa8a03e1-c0d5-4486-9250-55a7c8e6a36c_SNEAKERS_27.jpg','\C_aa8a03e1-c0d5-4486-9250-55a7c8e6a36c_SNEAKERS_27.jpg',to_date('20/12/29','RR/MM/DD'));
Insert into HKL.PRODUCT (PRODUCT_CODE,PRODUCT_NAME,PRODUCT_BRAND,PRODUCT_PRICE,PRODUCT_TYPE,PRODUCT_IMGPATH,PRODUCT_IMG,PRODUCT_THUMBNAIL,PRODUCT_CONTENT,PRODUCT_REGDATE) values ('AA1411','번스 우먼스','스테파노로시',50000,11,'\resources\product\2020\12\29','\M_5df85117-55bd-4922-85d3-8ad89f025564_SNEAKERS_8.jpg','\S_5df85117-55bd-4922-85d3-8ad89f025564_SNEAKERS_8.jpg','\C_5df85117-55bd-4922-85d3-8ad89f025564_SNEAKERS_8.jpg',to_date('20/12/29','RR/MM/DD'));
Insert into HKL.PRODUCT (PRODUCT_CODE,PRODUCT_NAME,PRODUCT_BRAND,PRODUCT_PRICE,PRODUCT_TYPE,PRODUCT_IMGPATH,PRODUCT_IMG,PRODUCT_THUMBNAIL,PRODUCT_CONTENT,PRODUCT_REGDATE) values ('AA1511','척 70 옥스','컨버스',50000,11,'\resources\product\2020\12\29','\M_7067cc33-37e9-47f2-bcdf-0b71326b8fbc_SNEAKERS_30.jpg','\S_7067cc33-37e9-47f2-bcdf-0b71326b8fbc_SNEAKERS_30.jpg','\C_7067cc33-37e9-47f2-bcdf-0b71326b8fbc_SNEAKERS_30.jpg',to_date('20/12/29','RR/MM/DD'));
Insert into HKL.PRODUCT (PRODUCT_CODE,PRODUCT_NAME,PRODUCT_BRAND,PRODUCT_PRICE,PRODUCT_TYPE,PRODUCT_IMGPATH,PRODUCT_IMG,PRODUCT_THUMBNAIL,PRODUCT_CONTENT,PRODUCT_REGDATE) values ('AA1611','척 70 하이','컨버스',50000,11,'\resources\product\2020\12\29','\M_6ca5e5d6-0aae-4e44-8b37-6dbca3dfd2c1_SNEAKERS_7.jpg','\S_6ca5e5d6-0aae-4e44-8b37-6dbca3dfd2c1_SNEAKERS_7.jpg','\C_6ca5e5d6-0aae-4e44-8b37-6dbca3dfd2c1_SNEAKERS_7.jpg',to_date('20/12/29','RR/MM/DD'));
Insert into HKL.PRODUCT (PRODUCT_CODE,PRODUCT_NAME,PRODUCT_BRAND,PRODUCT_PRICE,PRODUCT_TYPE,PRODUCT_IMGPATH,PRODUCT_IMG,PRODUCT_THUMBNAIL,PRODUCT_CONTENT,PRODUCT_REGDATE) values ('AA1711','척테일러올스타 옥스','컨버스',50000,11,'\resources\product\2020\12\29','\M_6add3772-b0b5-48a3-9ddf-661dad0ca38e_SNEAKERS_6.jpg','\S_6add3772-b0b5-48a3-9ddf-661dad0ca38e_SNEAKERS_6.jpg','\C_6add3772-b0b5-48a3-9ddf-661dad0ca38e_SNEAKERS_6.jpg',to_date('20/12/29','RR/MM/DD'));
Insert into HKL.PRODUCT (PRODUCT_CODE,PRODUCT_NAME,PRODUCT_BRAND,PRODUCT_PRICE,PRODUCT_TYPE,PRODUCT_IMGPATH,PRODUCT_IMG,PRODUCT_THUMBNAIL,PRODUCT_CONTENT,PRODUCT_REGDATE) values ('AA1811','멈멈','포즈간츠',40000,11,'\resources\product\2020\12\29','\M_aad340bc-a72a-43b3-b0e1-07b0801be87c_SNEAKERS_24.jpg','\S_aad340bc-a72a-43b3-b0e1-07b0801be87c_SNEAKERS_24.jpg','\C_aad340bc-a72a-43b3-b0e1-07b0801be87c_SNEAKERS_24.jpg',to_date('20/12/29','RR/MM/DD'));
Insert into HKL.PRODUCT (PRODUCT_CODE,PRODUCT_NAME,PRODUCT_BRAND,PRODUCT_PRICE,PRODUCT_TYPE,PRODUCT_IMGPATH,PRODUCT_IMG,PRODUCT_THUMBNAIL,PRODUCT_CONTENT,PRODUCT_REGDATE) values ('AA1911','멈멈 마일드','포즈간츠',50000,11,'\resources\product\2020\12\29','\M_b5cbb962-27f7-4278-aada-8518111013d4_SNEAKERS_21.jpg','\S_b5cbb962-27f7-4278-aada-8518111013d4_SNEAKERS_21.jpg','\C_b5cbb962-27f7-4278-aada-8518111013d4_SNEAKERS_21.jpg',to_date('20/12/29','RR/MM/DD'));
Insert into HKL.PRODUCT (PRODUCT_CODE,PRODUCT_NAME,PRODUCT_BRAND,PRODUCT_PRICE,PRODUCT_TYPE,PRODUCT_IMGPATH,PRODUCT_IMG,PRODUCT_THUMBNAIL,PRODUCT_CONTENT,PRODUCT_REGDATE) values ('AA2011','멈멈 캔버스','포즈간츠',50000,11,'\resources\product\2020\12\29','\M_f5ff48f6-d695-4c7d-a35c-c401a8ca24a9_SNEAKERS_19.jpg','\S_f5ff48f6-d695-4c7d-a35c-c401a8ca24a9_SNEAKERS_19.jpg','\C_f5ff48f6-d695-4c7d-a35c-c401a8ca24a9_SNEAKERS_19.jpg',to_date('20/12/29','RR/MM/DD'));
Insert into HKL.PRODUCT (PRODUCT_CODE,PRODUCT_NAME,PRODUCT_BRAND,PRODUCT_PRICE,PRODUCT_TYPE,PRODUCT_IMGPATH,PRODUCT_IMG,PRODUCT_THUMBNAIL,PRODUCT_CONTENT,PRODUCT_REGDATE) values ('AA2111','오리지널 에디션 부스트 샥스 스니커즈','포티세컨드',40000,11,'\resources\product\2020\12\29','\M_f03176cf-d848-4fc4-bde6-c5ec6f990959_SNEAKERS_13.jpg','\S_f03176cf-d848-4fc4-bde6-c5ec6f990959_SNEAKERS_13.jpg','\C_f03176cf-d848-4fc4-bde6-c5ec6f990959_SNEAKERS_13.jpg',to_date('20/12/29','RR/MM/DD'));
Insert into HKL.PRODUCT (PRODUCT_CODE,PRODUCT_NAME,PRODUCT_BRAND,PRODUCT_PRICE,PRODUCT_TYPE,PRODUCT_IMGPATH,PRODUCT_IMG,PRODUCT_THUMBNAIL,PRODUCT_CONTENT,PRODUCT_REGDATE) values ('AA2211','퍼포먼스 에디션 부스트 샥스 스니커즈','포티세컨드',50000,11,'\resources\product\2020\12\29','\M_7e4d539c-cee1-4db6-a844-ae86c91bebae_SNEAKERS_11.jpg','\S_7e4d539c-cee1-4db6-a844-ae86c91bebae_SNEAKERS_11.jpg','\C_7e4d539c-cee1-4db6-a844-ae86c91bebae_SNEAKERS_11.jpg',to_date('20/12/29','RR/MM/DD'));
Insert into HKL.PRODUCT (PRODUCT_CODE,PRODUCT_NAME,PRODUCT_BRAND,PRODUCT_PRICE,PRODUCT_TYPE,PRODUCT_IMGPATH,PRODUCT_IMG,PRODUCT_THUMBNAIL,PRODUCT_CONTENT,PRODUCT_REGDATE) values ('AA0113','노비스','나이키',50000,13,'\resources\product\2020\12\29','\M_5b108d04-3303-41e0-9ad9-395123571b51_SNEAKERS_3.jpg','\S_5b108d04-3303-41e0-9ad9-395123571b51_SNEAKERS_3.jpg','\C_5b108d04-3303-41e0-9ad9-395123571b51_SNEAKERS_3.jpg',to_date('20/12/29','RR/MM/DD'));
Insert into HKL.PRODUCT (PRODUCT_CODE,PRODUCT_NAME,PRODUCT_BRAND,PRODUCT_PRICE,PRODUCT_TYPE,PRODUCT_IMGPATH,PRODUCT_IMG,PRODUCT_THUMBNAIL,PRODUCT_CONTENT,PRODUCT_REGDATE) values ('AA0213','다이나모 프리','나이키',50000,13,'\resources\product\2020\12\29','\M_17d317a3-adf0-4aa2-8858-3ea6e7bcfca4_SNEAKERS_2.jpg','\S_17d317a3-adf0-4aa2-8858-3ea6e7bcfca4_SNEAKERS_2.jpg','\C_17d317a3-adf0-4aa2-8858-3ea6e7bcfca4_SNEAKERS_2.jpg',to_date('20/12/29','RR/MM/DD'));
Insert into HKL.PRODUCT (PRODUCT_CODE,PRODUCT_NAME,PRODUCT_BRAND,PRODUCT_PRICE,PRODUCT_TYPE,PRODUCT_IMGPATH,PRODUCT_IMG,PRODUCT_THUMBNAIL,PRODUCT_CONTENT,PRODUCT_REGDATE) values ('AA0313','플렉스 러너 SE','나이키',50000,13,'\resources\product\2020\12\29','\M_7014d9ff-9ecc-41ce-8cb7-937d6c3586c7_SNEAKERS_5.jpg','\S_7014d9ff-9ecc-41ce-8cb7-937d6c3586c7_SNEAKERS_5.jpg','\C_7014d9ff-9ecc-41ce-8cb7-937d6c3586c7_SNEAKERS_5.jpg',to_date('20/12/29','RR/MM/DD'));
Insert into HKL.PRODUCT (PRODUCT_CODE,PRODUCT_NAME,PRODUCT_BRAND,PRODUCT_PRICE,PRODUCT_TYPE,PRODUCT_IMGPATH,PRODUCT_IMG,PRODUCT_THUMBNAIL,PRODUCT_CONTENT,PRODUCT_REGDATE) values ('AA0413','슬립 ER 2','반스',50000,13,'\resources\product\2020\12\29','\M_acbde59b-ea18-4735-9565-1d011c26e129_SNEAKERS_10.jpg','\S_acbde59b-ea18-4735-9565-1d011c26e129_SNEAKERS_10.jpg','\C_acbde59b-ea18-4735-9565-1d011c26e129_SNEAKERS_10.jpg',to_date('20/12/29','RR/MM/DD'));
Insert into HKL.PRODUCT (PRODUCT_CODE,PRODUCT_NAME,PRODUCT_BRAND,PRODUCT_PRICE,PRODUCT_TYPE,PRODUCT_IMGPATH,PRODUCT_IMG,PRODUCT_THUMBNAIL,PRODUCT_CONTENT,PRODUCT_REGDATE) values ('AA0513','슬립온 벨크로','반스',50000,13,'\resources\product\2020\12\29','\M_d8cd012e-27f3-4fef-aa95-315fa5646f86_SNEAKERS_7.jpg','\S_d8cd012e-27f3-4fef-aa95-315fa5646f86_SNEAKERS_7.jpg','\C_d8cd012e-27f3-4fef-aa95-315fa5646f86_SNEAKERS_7.jpg',to_date('20/12/29','RR/MM/DD'));
Insert into HKL.PRODUCT (PRODUCT_CODE,PRODUCT_NAME,PRODUCT_BRAND,PRODUCT_PRICE,PRODUCT_TYPE,PRODUCT_IMGPATH,PRODUCT_IMG,PRODUCT_THUMBNAIL,PRODUCT_CONTENT,PRODUCT_REGDATE) values ('AA0613','슬립온 SF','반스',50000,13,'\resources\product\2020\12\29','\M_2c20e0b1-fb75-4f79-841d-85a975c00b3b_SNEAKERS_14.jpg','\S_2c20e0b1-fb75-4f79-841d-85a975c00b3b_SNEAKERS_14.jpg','\C_2c20e0b1-fb75-4f79-841d-85a975c00b3b_SNEAKERS_14.jpg',to_date('20/12/29','RR/MM/DD'));
Insert into HKL.PRODUCT (PRODUCT_CODE,PRODUCT_NAME,PRODUCT_BRAND,PRODUCT_PRICE,PRODUCT_TYPE,PRODUCT_IMGPATH,PRODUCT_IMG,PRODUCT_THUMBNAIL,PRODUCT_CONTENT,PRODUCT_REGDATE) values ('AA0713','올드 스쿨 뮬','반스',50000,13,'\resources\product\2020\12\29','\M_a2b22294-21de-4713-8484-04b999bac5dc_SNEAKERS_24.jpg','\S_a2b22294-21de-4713-8484-04b999bac5dc_SNEAKERS_24.jpg','\C_a2b22294-21de-4713-8484-04b999bac5dc_SNEAKERS_24.jpg',to_date('20/12/29','RR/MM/DD'));
Insert into HKL.PRODUCT (PRODUCT_CODE,PRODUCT_NAME,PRODUCT_BRAND,PRODUCT_PRICE,PRODUCT_TYPE,PRODUCT_IMGPATH,PRODUCT_IMG,PRODUCT_THUMBNAIL,PRODUCT_CONTENT,PRODUCT_REGDATE) values ('AA0813','클래식 슬립온','반스',50000,13,'\resources\product\2020\12\29','\M_0a54d1e2-1779-4a2f-a6d5-15da05108323_SNEAKERS_8.jpg','\S_0a54d1e2-1779-4a2f-a6d5-15da05108323_SNEAKERS_8.jpg','\C_0a54d1e2-1779-4a2f-a6d5-15da05108323_SNEAKERS_8.jpg',to_date('20/12/29','RR/MM/DD'));
Insert into HKL.PRODUCT (PRODUCT_CODE,PRODUCT_NAME,PRODUCT_BRAND,PRODUCT_PRICE,PRODUCT_TYPE,PRODUCT_IMGPATH,PRODUCT_IMG,PRODUCT_THUMBNAIL,PRODUCT_CONTENT,PRODUCT_REGDATE) values ('AA0913','고 워크 5','스케쳐스',50000,13,'\resources\product\2020\12\29','\M_d857f1e0-a300-4035-b32d-e542874786d3_SNEAKERS_31.jpg','\S_d857f1e0-a300-4035-b32d-e542874786d3_SNEAKERS_31.jpg','\C_d857f1e0-a300-4035-b32d-e542874786d3_SNEAKERS_31.jpg',to_date('20/12/29','RR/MM/DD'));
Insert into HKL.PRODUCT (PRODUCT_CODE,PRODUCT_NAME,PRODUCT_BRAND,PRODUCT_PRICE,PRODUCT_TYPE,PRODUCT_IMGPATH,PRODUCT_IMG,PRODUCT_THUMBNAIL,PRODUCT_CONTENT,PRODUCT_REGDATE) values ('AA1013','울트라 플렉스 2.0','스케쳐스',50000,13,'\resources\product\2020\12\29','\M_79ad8b07-104c-49a5-8b21-aa908c563ae7_SNEAKERS_40.jpg','\S_79ad8b07-104c-49a5-8b21-aa908c563ae7_SNEAKERS_40.jpg','\C_79ad8b07-104c-49a5-8b21-aa908c563ae7_SNEAKERS_40.jpg',to_date('20/12/29','RR/MM/DD'));
Insert into HKL.PRODUCT (PRODUCT_CODE,PRODUCT_NAME,PRODUCT_BRAND,PRODUCT_PRICE,PRODUCT_TYPE,PRODUCT_IMGPATH,PRODUCT_IMG,PRODUCT_THUMBNAIL,PRODUCT_CONTENT,PRODUCT_REGDATE) values ('AA1113','부트','스테파노로시',50000,13,'\resources\product\2020\12\29','\M_d909c232-2f20-4c5e-8294-6e47c65cb7c3_SNEAKERS_39.jpg','\S_d909c232-2f20-4c5e-8294-6e47c65cb7c3_SNEAKERS_39.jpg','\C_d909c232-2f20-4c5e-8294-6e47c65cb7c3_SNEAKERS_39.jpg',to_date('20/12/29','RR/MM/DD'));
Insert into HKL.PRODUCT (PRODUCT_CODE,PRODUCT_NAME,PRODUCT_BRAND,PRODUCT_PRICE,PRODUCT_TYPE,PRODUCT_IMGPATH,PRODUCT_IMG,PRODUCT_THUMBNAIL,PRODUCT_CONTENT,PRODUCT_REGDATE) values ('AA1213','벤투라 슬립온','스트레이',50000,13,'\resources\product\2020\12\29','\M_90f11443-7300-456d-92ec-f6172f4c972a_SNEAKERS_18.jpg','\S_90f11443-7300-456d-92ec-f6172f4c972a_SNEAKERS_18.jpg','\C_90f11443-7300-456d-92ec-f6172f4c972a_SNEAKERS_18.jpg',to_date('20/12/29','RR/MM/DD'));
Insert into HKL.PRODUCT (PRODUCT_CODE,PRODUCT_NAME,PRODUCT_BRAND,PRODUCT_PRICE,PRODUCT_TYPE,PRODUCT_IMGPATH,PRODUCT_IMG,PRODUCT_THUMBNAIL,PRODUCT_CONTENT,PRODUCT_REGDATE) values ('AA1313','삼바로즈 이지 우먼스','아디다스',50000,13,'\resources\product\2020\12\29','\M_c2e7c7ce-22b2-4c96-b170-217b13997e26_SNEAKERS_1.jpg','\S_c2e7c7ce-22b2-4c96-b170-217b13997e26_SNEAKERS_1.jpg','\C_c2e7c7ce-22b2-4c96-b170-217b13997e26_SNEAKERS_1.jpg',to_date('20/12/29','RR/MM/DD'));
Insert into HKL.PRODUCT (PRODUCT_CODE,PRODUCT_NAME,PRODUCT_BRAND,PRODUCT_PRICE,PRODUCT_TYPE,PRODUCT_IMGPATH,PRODUCT_IMG,PRODUCT_THUMBNAIL,PRODUCT_CONTENT,PRODUCT_REGDATE) values ('AA1413','슈퍼스타 360 인펀트','아디다스',50000,13,'\resources\product\2020\12\29','\M_9517f5a6-3cca-4565-9091-1a2293b203f4_SNEAKERS_36.jpg','\S_9517f5a6-3cca-4565-9091-1a2293b203f4_SNEAKERS_36.jpg','\C_9517f5a6-3cca-4565-9091-1a2293b203f4_SNEAKERS_36.jpg',to_date('20/12/29','RR/MM/DD'));
Insert into HKL.PRODUCT (PRODUCT_CODE,PRODUCT_NAME,PRODUCT_BRAND,PRODUCT_PRICE,PRODUCT_TYPE,PRODUCT_IMGPATH,PRODUCT_IMG,PRODUCT_THUMBNAIL,PRODUCT_CONTENT,PRODUCT_REGDATE) values ('AA1513','바리 뮬 셰르파','푸마',50000,13,'\resources\product\2020\12\29','\M_56c9b576-8e05-4d81-bca2-c29c7efdbd0b_SNEAKERS_29.jpg','\S_56c9b576-8e05-4d81-bca2-c29c7efdbd0b_SNEAKERS_29.jpg','\C_56c9b576-8e05-4d81-bca2-c29c7efdbd0b_SNEAKERS_29.jpg',to_date('20/12/29','RR/MM/DD'));
Insert into HKL.PRODUCT (PRODUCT_CODE,PRODUCT_NAME,PRODUCT_BRAND,PRODUCT_PRICE,PRODUCT_TYPE,PRODUCT_IMGPATH,PRODUCT_IMG,PRODUCT_THUMBNAIL,PRODUCT_CONTENT,PRODUCT_REGDATE) values ('AA1613','펀 레이서 슬립온 인펀트','푸마',40000,13,'\resources\product\2020\12\29','\M_7a61b3be-e1eb-4365-aa19-fc73a66a98fa_SNEAKERS_28.jpg','\S_7a61b3be-e1eb-4365-aa19-fc73a66a98fa_SNEAKERS_28.jpg','\C_7a61b3be-e1eb-4365-aa19-fc73a66a98fa_SNEAKERS_28.jpg',to_date('20/12/29','RR/MM/DD'));
Insert into HKL.PRODUCT (PRODUCT_CODE,PRODUCT_NAME,PRODUCT_BRAND,PRODUCT_PRICE,PRODUCT_TYPE,PRODUCT_IMGPATH,PRODUCT_IMG,PRODUCT_THUMBNAIL,PRODUCT_CONTENT,PRODUCT_REGDATE) values ('AA1713','펀 레이서 슬립온 프리스쿨','푸마',50000,13,'\resources\product\2020\12\29','\M_fd7752c9-7a0c-4164-9afa-14207c87adc7_SNEAKERS_27.jpg','\S_fd7752c9-7a0c-4164-9afa-14207c87adc7_SNEAKERS_27.jpg','\C_fd7752c9-7a0c-4164-9afa-14207c87adc7_SNEAKERS_27.jpg',to_date('20/12/29','RR/MM/DD'));
Insert into HKL.PRODUCT (PRODUCT_CODE,PRODUCT_NAME,PRODUCT_BRAND,PRODUCT_PRICE,PRODUCT_TYPE,PRODUCT_IMGPATH,PRODUCT_IMG,PRODUCT_THUMBNAIL,PRODUCT_CONTENT,PRODUCT_REGDATE) values ('AA1813','컴포트 페트라 4.5','호킨스',50000,13,'\resources\product\2020\12\29','\M_e0c98242-26c0-4279-ac8e-bfc9335853b2_SNEAKERS_34.jpg','\S_e0c98242-26c0-4279-ac8e-bfc9335853b2_SNEAKERS_34.jpg','\C_e0c98242-26c0-4279-ac8e-bfc9335853b2_SNEAKERS_34.jpg',to_date('20/12/29','RR/MM/DD'));
Insert into HKL.PRODUCT (PRODUCT_CODE,PRODUCT_NAME,PRODUCT_BRAND,PRODUCT_PRICE,PRODUCT_TYPE,PRODUCT_IMGPATH,PRODUCT_IMG,PRODUCT_THUMBNAIL,PRODUCT_CONTENT,PRODUCT_REGDATE) values ('AA1913','파블로2','호킨스',50000,13,'\resources\product\2020\12\29','\M_294e992e-af12-4499-926b-58650795d1a4_SNEAKERS_26.jpg','\S_294e992e-af12-4499-926b-58650795d1a4_SNEAKERS_26.jpg','\C_294e992e-af12-4499-926b-58650795d1a4_SNEAKERS_26.jpg',to_date('20/12/29','RR/MM/DD'));
Insert into HKL.PRODUCT (PRODUCT_CODE,PRODUCT_NAME,PRODUCT_BRAND,PRODUCT_PRICE,PRODUCT_TYPE,PRODUCT_IMGPATH,PRODUCT_IMG,PRODUCT_THUMBNAIL,PRODUCT_CONTENT,PRODUCT_REGDATE) values ('AA0112','스타일 36 데콘 에스에프','반스',50000,12,'\resources\product\2020\12\29','\M_605f9ef9-5b13-48cf-ba63-4fd6b8273bb3_SNEAKERS_12.jpg','\S_605f9ef9-5b13-48cf-ba63-4fd6b8273bb3_SNEAKERS_12.jpg','\C_605f9ef9-5b13-48cf-ba63-4fd6b8273bb3_SNEAKERS_12.jpg',to_date('20/12/29','RR/MM/DD'));
Insert into HKL.PRODUCT (PRODUCT_CODE,PRODUCT_NAME,PRODUCT_BRAND,PRODUCT_PRICE,PRODUCT_TYPE,PRODUCT_IMGPATH,PRODUCT_IMG,PRODUCT_THUMBNAIL,PRODUCT_CONTENT,PRODUCT_REGDATE) values ('AA0212','가워 스니커즈','스트레이',50000,12,'\resources\product\2020\12\29','\M_bbef6694-033e-494a-b0fe-87b2339be8ce_SNEAKERS_17.jpg','\S_bbef6694-033e-494a-b0fe-87b2339be8ce_SNEAKERS_17.jpg','\C_bbef6694-033e-494a-b0fe-87b2339be8ce_SNEAKERS_17.jpg',to_date('20/12/29','RR/MM/DD'));
Insert into HKL.PRODUCT (PRODUCT_CODE,PRODUCT_NAME,PRODUCT_BRAND,PRODUCT_PRICE,PRODUCT_TYPE,PRODUCT_IMGPATH,PRODUCT_IMG,PRODUCT_THUMBNAIL,PRODUCT_CONTENT,PRODUCT_REGDATE) values ('AA0312','크레스트 CVO 스키니','스페리',50000,12,'\resources\product\2020\12\29','\M_7b24fa68-68a9-4276-9fca-883327a73dc8_SNEAKERS_38.jpg','\S_7b24fa68-68a9-4276-9fca-883327a73dc8_SNEAKERS_38.jpg','\C_7b24fa68-68a9-4276-9fca-883327a73dc8_SNEAKERS_38.jpg',to_date('20/12/29','RR/MM/DD'));
Insert into HKL.PRODUCT (PRODUCT_CODE,PRODUCT_NAME,PRODUCT_BRAND,PRODUCT_PRICE,PRODUCT_TYPE,PRODUCT_IMGPATH,PRODUCT_IMG,PRODUCT_THUMBNAIL,PRODUCT_CONTENT,PRODUCT_REGDATE) values ('AA0412','니짜','아디다스',50000,12,'\resources\product\2020\12\29','\M_7ae61be3-f6f0-45e8-a75a-0b393cc4a669_SNEAKERS_11.jpg','\S_7ae61be3-f6f0-45e8-a75a-0b393cc4a669_SNEAKERS_11.jpg','\C_7ae61be3-f6f0-45e8-a75a-0b393cc4a669_SNEAKERS_11.jpg',to_date('20/12/29','RR/MM/DD'));
Insert into HKL.PRODUCT (PRODUCT_CODE,PRODUCT_NAME,PRODUCT_BRAND,PRODUCT_PRICE,PRODUCT_TYPE,PRODUCT_IMGPATH,PRODUCT_IMG,PRODUCT_THUMBNAIL,PRODUCT_CONTENT,PRODUCT_REGDATE) values ('AA0512','니짜 트레포일','아디다스',50000,12,'\resources\product\2020\12\29','\M_0f570bf7-ef56-49cd-8379-e9c23ec910d8_SNEAKERS_3.jpg','\S_0f570bf7-ef56-49cd-8379-e9c23ec910d8_SNEAKERS_3.jpg','\C_0f570bf7-ef56-49cd-8379-e9c23ec910d8_SNEAKERS_3.jpg',to_date('20/12/29','RR/MM/DD'));
Insert into HKL.PRODUCT (PRODUCT_CODE,PRODUCT_NAME,PRODUCT_BRAND,PRODUCT_PRICE,PRODUCT_TYPE,PRODUCT_IMGPATH,PRODUCT_IMG,PRODUCT_THUMBNAIL,PRODUCT_CONTENT,PRODUCT_REGDATE) values ('AA0612','니짜 플랫폼 미드 우먼스','아디다스',50000,12,'\resources\product\2020\12\29','\M_b3ce997d-c59d-4203-a571-b894304b2c6e_SNEAKERS_33.jpg','\S_b3ce997d-c59d-4203-a571-b894304b2c6e_SNEAKERS_33.jpg','\C_b3ce997d-c59d-4203-a571-b894304b2c6e_SNEAKERS_33.jpg',to_date('20/12/29','RR/MM/DD'));
Insert into HKL.PRODUCT (PRODUCT_CODE,PRODUCT_NAME,PRODUCT_BRAND,PRODUCT_PRICE,PRODUCT_TYPE,PRODUCT_IMGPATH,PRODUCT_IMG,PRODUCT_THUMBNAIL,PRODUCT_CONTENT,PRODUCT_REGDATE) values ('AA0712','델팔라','아디다스',50000,12,'\resources\product\2020\12\29','\M_563f6990-f704-415e-8186-b9a55351211b_SNEAKERS_14.jpg','\S_563f6990-f704-415e-8186-b9a55351211b_SNEAKERS_14.jpg','\C_563f6990-f704-415e-8186-b9a55351211b_SNEAKERS_14.jpg',to_date('20/12/29','RR/MM/DD'));
Insert into HKL.PRODUCT (PRODUCT_CODE,PRODUCT_NAME,PRODUCT_BRAND,PRODUCT_PRICE,PRODUCT_TYPE,PRODUCT_IMGPATH,PRODUCT_IMG,PRODUCT_THUMBNAIL,PRODUCT_CONTENT,PRODUCT_REGDATE) values ('AA0812','잭 퍼셀 LPLS 옥스','컨버스',50000,12,'\resources\product\2020\12\29','\M_90691f2e-2567-4fb9-bb14-13e571b8a029_SNEAKERS_4.jpg','\S_90691f2e-2567-4fb9-bb14-13e571b8a029_SNEAKERS_4.jpg','\C_90691f2e-2567-4fb9-bb14-13e571b8a029_SNEAKERS_4.jpg',to_date('20/12/29','RR/MM/DD'));
Insert into HKL.PRODUCT (PRODUCT_CODE,PRODUCT_NAME,PRODUCT_BRAND,PRODUCT_PRICE,PRODUCT_TYPE,PRODUCT_IMGPATH,PRODUCT_IMG,PRODUCT_THUMBNAIL,PRODUCT_CONTENT,PRODUCT_REGDATE) values ('AA0912','척 테일러 올 스타 하이','컨버스',50000,12,'\resources\product\2020\12\29','\M_d35b2e1b-55e3-48cc-a163-eaf2cd1dff3a_SNEAKERS_8.jpg','\S_d35b2e1b-55e3-48cc-a163-eaf2cd1dff3a_SNEAKERS_8.jpg','\C_d35b2e1b-55e3-48cc-a163-eaf2cd1dff3a_SNEAKERS_8.jpg',to_date('20/12/29','RR/MM/DD'));
Insert into HKL.PRODUCT (PRODUCT_CODE,PRODUCT_NAME,PRODUCT_BRAND,PRODUCT_PRICE,PRODUCT_TYPE,PRODUCT_IMGPATH,PRODUCT_IMG,PRODUCT_THUMBNAIL,PRODUCT_CONTENT,PRODUCT_REGDATE) values ('AA1012','척 테일러 올스타 2','컨버스',50000,12,'\resources\product\2020\12\29','\M_233f6539-4668-42c3-9992-5d6fb44d30fe_SNEAKERS_1.jpg','\S_233f6539-4668-42c3-9992-5d6fb44d30fe_SNEAKERS_1.jpg','\C_233f6539-4668-42c3-9992-5d6fb44d30fe_SNEAKERS_1.jpg',to_date('20/12/29','RR/MM/DD'));
Insert into HKL.PRODUCT (PRODUCT_CODE,PRODUCT_NAME,PRODUCT_BRAND,PRODUCT_PRICE,PRODUCT_TYPE,PRODUCT_IMGPATH,PRODUCT_IMG,PRODUCT_THUMBNAIL,PRODUCT_CONTENT,PRODUCT_REGDATE) values ('AA1112','펠로 II 라이즈업','페이유에',50000,12,'\resources\product\2020\12\29','\M_4699efed-33fb-4eee-b38e-242f062cdecb_SNEAKERS_16.jpg','\S_4699efed-33fb-4eee-b38e-242f062cdecb_SNEAKERS_16.jpg','\C_4699efed-33fb-4eee-b38e-242f062cdecb_SNEAKERS_16.jpg',to_date('20/12/29','RR/MM/DD'));
Insert into HKL.PRODUCT (PRODUCT_CODE,PRODUCT_NAME,PRODUCT_BRAND,PRODUCT_PRICE,PRODUCT_TYPE,PRODUCT_IMGPATH,PRODUCT_IMG,PRODUCT_THUMBNAIL,PRODUCT_CONTENT,PRODUCT_REGDATE) values ('AA1212','펠로 클래식','페이유에',50000,12,'\resources\product\2020\12\29','\M_d26f99dc-739f-46f3-ad46-bbf0fed7d086_SNEAKERS_15.jpg','\S_d26f99dc-739f-46f3-ad46-bbf0fed7d086_SNEAKERS_15.jpg','\C_d26f99dc-739f-46f3-ad46-bbf0fed7d086_SNEAKERS_15.jpg',to_date('20/12/29','RR/MM/DD'));

Insert into HKL.STOCK (STOCK_PRODUCT_CODE,STOCK_290,STOCK_295,STOCK_240,STOCK_245,STOCK_250,STOCK_255,STOCK_260,STOCK_265,STOCK_270,STOCK_275,STOCK_280,STOCK_285) values ('AA0111',1,1,1,1,1,1,1,1,1,1,1,1);
Insert into HKL.STOCK (STOCK_PRODUCT_CODE,STOCK_290,STOCK_295,STOCK_240,STOCK_245,STOCK_250,STOCK_255,STOCK_260,STOCK_265,STOCK_270,STOCK_275,STOCK_280,STOCK_285) values ('AA0211',1,1,1,1,1,1,1,1,1,1,1,1);
Insert into HKL.STOCK (STOCK_PRODUCT_CODE,STOCK_290,STOCK_295,STOCK_240,STOCK_245,STOCK_250,STOCK_255,STOCK_260,STOCK_265,STOCK_270,STOCK_275,STOCK_280,STOCK_285) values ('AA0311',1,1,1,1,1,1,1,1,1,1,1,1);
Insert into HKL.STOCK (STOCK_PRODUCT_CODE,STOCK_290,STOCK_295,STOCK_240,STOCK_245,STOCK_250,STOCK_255,STOCK_260,STOCK_265,STOCK_270,STOCK_275,STOCK_280,STOCK_285) values ('AA0411',1,1,1,1,1,1,1,1,1,1,1,1);
Insert into HKL.STOCK (STOCK_PRODUCT_CODE,STOCK_290,STOCK_295,STOCK_240,STOCK_245,STOCK_250,STOCK_255,STOCK_260,STOCK_265,STOCK_270,STOCK_275,STOCK_280,STOCK_285) values ('AA0511',1,1,1,1,1,1,1,1,1,1,1,1);
Insert into HKL.STOCK (STOCK_PRODUCT_CODE,STOCK_290,STOCK_295,STOCK_240,STOCK_245,STOCK_250,STOCK_255,STOCK_260,STOCK_265,STOCK_270,STOCK_275,STOCK_280,STOCK_285) values ('AA0611',1,1,1,1,1,1,1,1,1,1,1,1);
Insert into HKL.STOCK (STOCK_PRODUCT_CODE,STOCK_290,STOCK_295,STOCK_240,STOCK_245,STOCK_250,STOCK_255,STOCK_260,STOCK_265,STOCK_270,STOCK_275,STOCK_280,STOCK_285) values ('AA0711',1,1,1,1,1,1,1,1,1,1,1,1);
Insert into HKL.STOCK (STOCK_PRODUCT_CODE,STOCK_290,STOCK_295,STOCK_240,STOCK_245,STOCK_250,STOCK_255,STOCK_260,STOCK_265,STOCK_270,STOCK_275,STOCK_280,STOCK_285) values ('AA0811',1,1,1,1,1,1,1,1,1,1,1,1);
Insert into HKL.STOCK (STOCK_PRODUCT_CODE,STOCK_290,STOCK_295,STOCK_240,STOCK_245,STOCK_250,STOCK_255,STOCK_260,STOCK_265,STOCK_270,STOCK_275,STOCK_280,STOCK_285) values ('AA0911',1,1,1,1,1,1,1,1,1,1,1,1);
Insert into HKL.STOCK (STOCK_PRODUCT_CODE,STOCK_290,STOCK_295,STOCK_240,STOCK_245,STOCK_250,STOCK_255,STOCK_260,STOCK_265,STOCK_270,STOCK_275,STOCK_280,STOCK_285) values ('AA1011',1,1,1,1,1,1,1,1,1,1,1,1);
Insert into HKL.STOCK (STOCK_PRODUCT_CODE,STOCK_290,STOCK_295,STOCK_240,STOCK_245,STOCK_250,STOCK_255,STOCK_260,STOCK_265,STOCK_270,STOCK_275,STOCK_280,STOCK_285) values ('AA1111',1,1,1,1,1,1,1,1,1,1,1,1);
Insert into HKL.STOCK (STOCK_PRODUCT_CODE,STOCK_290,STOCK_295,STOCK_240,STOCK_245,STOCK_250,STOCK_255,STOCK_260,STOCK_265,STOCK_270,STOCK_275,STOCK_280,STOCK_285) values ('AA1211',1,1,1,1,1,1,1,1,1,1,1,1);
Insert into HKL.STOCK (STOCK_PRODUCT_CODE,STOCK_290,STOCK_295,STOCK_240,STOCK_245,STOCK_250,STOCK_255,STOCK_260,STOCK_265,STOCK_270,STOCK_275,STOCK_280,STOCK_285) values ('AA1311',1,1,1,1,1,1,1,1,1,1,1,1);
Insert into HKL.STOCK (STOCK_PRODUCT_CODE,STOCK_290,STOCK_295,STOCK_240,STOCK_245,STOCK_250,STOCK_255,STOCK_260,STOCK_265,STOCK_270,STOCK_275,STOCK_280,STOCK_285) values ('AA1411',1,1,1,1,1,1,1,1,1,1,1,1);
Insert into HKL.STOCK (STOCK_PRODUCT_CODE,STOCK_290,STOCK_295,STOCK_240,STOCK_245,STOCK_250,STOCK_255,STOCK_260,STOCK_265,STOCK_270,STOCK_275,STOCK_280,STOCK_285) values ('AA1511',1,1,1,1,1,1,1,1,1,1,1,1);
Insert into HKL.STOCK (STOCK_PRODUCT_CODE,STOCK_290,STOCK_295,STOCK_240,STOCK_245,STOCK_250,STOCK_255,STOCK_260,STOCK_265,STOCK_270,STOCK_275,STOCK_280,STOCK_285) values ('AA1611',1,1,1,1,1,1,1,1,1,1,1,1);
Insert into HKL.STOCK (STOCK_PRODUCT_CODE,STOCK_290,STOCK_295,STOCK_240,STOCK_245,STOCK_250,STOCK_255,STOCK_260,STOCK_265,STOCK_270,STOCK_275,STOCK_280,STOCK_285) values ('AA1711',1,1,1,1,1,1,1,1,1,1,1,1);
Insert into HKL.STOCK (STOCK_PRODUCT_CODE,STOCK_290,STOCK_295,STOCK_240,STOCK_245,STOCK_250,STOCK_255,STOCK_260,STOCK_265,STOCK_270,STOCK_275,STOCK_280,STOCK_285) values ('AA1811',1,1,1,1,1,1,1,1,1,1,1,1);
Insert into HKL.STOCK (STOCK_PRODUCT_CODE,STOCK_290,STOCK_295,STOCK_240,STOCK_245,STOCK_250,STOCK_255,STOCK_260,STOCK_265,STOCK_270,STOCK_275,STOCK_280,STOCK_285) values ('AA1911',1,1,1,1,1,1,1,1,1,1,1,1);
Insert into HKL.STOCK (STOCK_PRODUCT_CODE,STOCK_290,STOCK_295,STOCK_240,STOCK_245,STOCK_250,STOCK_255,STOCK_260,STOCK_265,STOCK_270,STOCK_275,STOCK_280,STOCK_285) values ('AA2011',1,1,1,1,1,1,1,1,1,1,1,1);
Insert into HKL.STOCK (STOCK_PRODUCT_CODE,STOCK_290,STOCK_295,STOCK_240,STOCK_245,STOCK_250,STOCK_255,STOCK_260,STOCK_265,STOCK_270,STOCK_275,STOCK_280,STOCK_285) values ('AA2111',1,1,1,1,1,1,1,1,1,1,1,1);
Insert into HKL.STOCK (STOCK_PRODUCT_CODE,STOCK_290,STOCK_295,STOCK_240,STOCK_245,STOCK_250,STOCK_255,STOCK_260,STOCK_265,STOCK_270,STOCK_275,STOCK_280,STOCK_285) values ('AA2211',1,1,1,1,1,1,1,1,1,1,1,1);
Insert into HKL.STOCK (STOCK_PRODUCT_CODE,STOCK_290,STOCK_295,STOCK_240,STOCK_245,STOCK_250,STOCK_255,STOCK_260,STOCK_265,STOCK_270,STOCK_275,STOCK_280,STOCK_285) values ('AA0113',1,1,1,1,1,1,1,1,1,1,1,1);
Insert into HKL.STOCK (STOCK_PRODUCT_CODE,STOCK_290,STOCK_295,STOCK_240,STOCK_245,STOCK_250,STOCK_255,STOCK_260,STOCK_265,STOCK_270,STOCK_275,STOCK_280,STOCK_285) values ('AA0213',1,1,1,1,1,1,1,1,1,1,1,1);
Insert into HKL.STOCK (STOCK_PRODUCT_CODE,STOCK_290,STOCK_295,STOCK_240,STOCK_245,STOCK_250,STOCK_255,STOCK_260,STOCK_265,STOCK_270,STOCK_275,STOCK_280,STOCK_285) values ('AA0313',1,1,1,1,1,1,1,1,1,1,1,1);
Insert into HKL.STOCK (STOCK_PRODUCT_CODE,STOCK_290,STOCK_295,STOCK_240,STOCK_245,STOCK_250,STOCK_255,STOCK_260,STOCK_265,STOCK_270,STOCK_275,STOCK_280,STOCK_285) values ('AA0413',1,1,1,1,1,1,1,1,1,1,1,1);
Insert into HKL.STOCK (STOCK_PRODUCT_CODE,STOCK_290,STOCK_295,STOCK_240,STOCK_245,STOCK_250,STOCK_255,STOCK_260,STOCK_265,STOCK_270,STOCK_275,STOCK_280,STOCK_285) values ('AA0513',1,1,1,1,1,1,1,1,1,1,1,1);
Insert into HKL.STOCK (STOCK_PRODUCT_CODE,STOCK_290,STOCK_295,STOCK_240,STOCK_245,STOCK_250,STOCK_255,STOCK_260,STOCK_265,STOCK_270,STOCK_275,STOCK_280,STOCK_285) values ('AA0613',0,0,0,0,0,0,0,0,0,0,0,0);
Insert into HKL.STOCK (STOCK_PRODUCT_CODE,STOCK_290,STOCK_295,STOCK_240,STOCK_245,STOCK_250,STOCK_255,STOCK_260,STOCK_265,STOCK_270,STOCK_275,STOCK_280,STOCK_285) values ('AA0713',1,0,0,0,1,0,0,0,0,0,0,0);
Insert into HKL.STOCK (STOCK_PRODUCT_CODE,STOCK_290,STOCK_295,STOCK_240,STOCK_245,STOCK_250,STOCK_255,STOCK_260,STOCK_265,STOCK_270,STOCK_275,STOCK_280,STOCK_285) values ('AA0813',0,0,0,0,0,0,0,0,0,0,0,0);
Insert into HKL.STOCK (STOCK_PRODUCT_CODE,STOCK_290,STOCK_295,STOCK_240,STOCK_245,STOCK_250,STOCK_255,STOCK_260,STOCK_265,STOCK_270,STOCK_275,STOCK_280,STOCK_285) values ('AA0913',0,0,0,0,0,0,0,0,0,0,0,0);
Insert into HKL.STOCK (STOCK_PRODUCT_CODE,STOCK_290,STOCK_295,STOCK_240,STOCK_245,STOCK_250,STOCK_255,STOCK_260,STOCK_265,STOCK_270,STOCK_275,STOCK_280,STOCK_285) values ('AA1013',0,0,0,0,0,0,0,0,0,0,0,0);
Insert into HKL.STOCK (STOCK_PRODUCT_CODE,STOCK_290,STOCK_295,STOCK_240,STOCK_245,STOCK_250,STOCK_255,STOCK_260,STOCK_265,STOCK_270,STOCK_275,STOCK_280,STOCK_285) values ('AA1113',0,0,0,0,0,0,0,0,0,0,0,0);
Insert into HKL.STOCK (STOCK_PRODUCT_CODE,STOCK_290,STOCK_295,STOCK_240,STOCK_245,STOCK_250,STOCK_255,STOCK_260,STOCK_265,STOCK_270,STOCK_275,STOCK_280,STOCK_285) values ('AA1213',0,0,0,0,0,0,0,0,0,0,0,0);
Insert into HKL.STOCK (STOCK_PRODUCT_CODE,STOCK_290,STOCK_295,STOCK_240,STOCK_245,STOCK_250,STOCK_255,STOCK_260,STOCK_265,STOCK_270,STOCK_275,STOCK_280,STOCK_285) values ('AA1313',0,0,0,0,0,0,0,0,0,0,0,0);
Insert into HKL.STOCK (STOCK_PRODUCT_CODE,STOCK_290,STOCK_295,STOCK_240,STOCK_245,STOCK_250,STOCK_255,STOCK_260,STOCK_265,STOCK_270,STOCK_275,STOCK_280,STOCK_285) values ('AA1413',0,0,0,0,0,0,0,0,0,0,0,0);
Insert into HKL.STOCK (STOCK_PRODUCT_CODE,STOCK_290,STOCK_295,STOCK_240,STOCK_245,STOCK_250,STOCK_255,STOCK_260,STOCK_265,STOCK_270,STOCK_275,STOCK_280,STOCK_285) values ('AA1513',0,0,0,0,0,0,0,0,0,0,0,0);
Insert into HKL.STOCK (STOCK_PRODUCT_CODE,STOCK_290,STOCK_295,STOCK_240,STOCK_245,STOCK_250,STOCK_255,STOCK_260,STOCK_265,STOCK_270,STOCK_275,STOCK_280,STOCK_285) values ('AA1613',0,0,0,0,0,0,0,0,0,0,0,0);
Insert into HKL.STOCK (STOCK_PRODUCT_CODE,STOCK_290,STOCK_295,STOCK_240,STOCK_245,STOCK_250,STOCK_255,STOCK_260,STOCK_265,STOCK_270,STOCK_275,STOCK_280,STOCK_285) values ('AA1713',0,0,0,0,0,0,0,0,0,0,0,0);
Insert into HKL.STOCK (STOCK_PRODUCT_CODE,STOCK_290,STOCK_295,STOCK_240,STOCK_245,STOCK_250,STOCK_255,STOCK_260,STOCK_265,STOCK_270,STOCK_275,STOCK_280,STOCK_285) values ('AA1813',0,0,0,0,0,0,0,0,0,0,0,0);
Insert into HKL.STOCK (STOCK_PRODUCT_CODE,STOCK_290,STOCK_295,STOCK_240,STOCK_245,STOCK_250,STOCK_255,STOCK_260,STOCK_265,STOCK_270,STOCK_275,STOCK_280,STOCK_285) values ('AA1913',0,0,0,0,0,0,0,0,0,0,0,0);
Insert into HKL.STOCK (STOCK_PRODUCT_CODE,STOCK_290,STOCK_295,STOCK_240,STOCK_245,STOCK_250,STOCK_255,STOCK_260,STOCK_265,STOCK_270,STOCK_275,STOCK_280,STOCK_285) values ('AA0112',0,0,0,0,0,0,0,0,0,0,0,0);
Insert into HKL.STOCK (STOCK_PRODUCT_CODE,STOCK_290,STOCK_295,STOCK_240,STOCK_245,STOCK_250,STOCK_255,STOCK_260,STOCK_265,STOCK_270,STOCK_275,STOCK_280,STOCK_285) values ('AA0212',0,0,0,0,0,0,0,0,0,0,0,0);
Insert into HKL.STOCK (STOCK_PRODUCT_CODE,STOCK_290,STOCK_295,STOCK_240,STOCK_245,STOCK_250,STOCK_255,STOCK_260,STOCK_265,STOCK_270,STOCK_275,STOCK_280,STOCK_285) values ('AA0312',0,0,0,0,0,0,0,0,0,0,0,0);
Insert into HKL.STOCK (STOCK_PRODUCT_CODE,STOCK_290,STOCK_295,STOCK_240,STOCK_245,STOCK_250,STOCK_255,STOCK_260,STOCK_265,STOCK_270,STOCK_275,STOCK_280,STOCK_285) values ('AA0412',0,0,0,0,0,0,0,0,0,0,0,0);
Insert into HKL.STOCK (STOCK_PRODUCT_CODE,STOCK_290,STOCK_295,STOCK_240,STOCK_245,STOCK_250,STOCK_255,STOCK_260,STOCK_265,STOCK_270,STOCK_275,STOCK_280,STOCK_285) values ('AA0512',0,0,0,0,0,0,0,0,0,0,0,0);
Insert into HKL.STOCK (STOCK_PRODUCT_CODE,STOCK_290,STOCK_295,STOCK_240,STOCK_245,STOCK_250,STOCK_255,STOCK_260,STOCK_265,STOCK_270,STOCK_275,STOCK_280,STOCK_285) values ('AA0612',0,0,0,0,0,0,0,0,0,0,0,0);
Insert into HKL.STOCK (STOCK_PRODUCT_CODE,STOCK_290,STOCK_295,STOCK_240,STOCK_245,STOCK_250,STOCK_255,STOCK_260,STOCK_265,STOCK_270,STOCK_275,STOCK_280,STOCK_285) values ('AA0712',0,0,0,0,0,0,0,0,0,0,0,0);
Insert into HKL.STOCK (STOCK_PRODUCT_CODE,STOCK_290,STOCK_295,STOCK_240,STOCK_245,STOCK_250,STOCK_255,STOCK_260,STOCK_265,STOCK_270,STOCK_275,STOCK_280,STOCK_285) values ('AA0812',0,0,0,0,0,0,0,0,0,0,0,0);
Insert into HKL.STOCK (STOCK_PRODUCT_CODE,STOCK_290,STOCK_295,STOCK_240,STOCK_245,STOCK_250,STOCK_255,STOCK_260,STOCK_265,STOCK_270,STOCK_275,STOCK_280,STOCK_285) values ('AA0912',0,0,0,0,0,0,0,0,0,0,0,0);
Insert into HKL.STOCK (STOCK_PRODUCT_CODE,STOCK_290,STOCK_295,STOCK_240,STOCK_245,STOCK_250,STOCK_255,STOCK_260,STOCK_265,STOCK_270,STOCK_275,STOCK_280,STOCK_285) values ('AA1012',0,0,0,0,0,0,0,0,0,0,0,0);
Insert into HKL.STOCK (STOCK_PRODUCT_CODE,STOCK_290,STOCK_295,STOCK_240,STOCK_245,STOCK_250,STOCK_255,STOCK_260,STOCK_265,STOCK_270,STOCK_275,STOCK_280,STOCK_285) values ('AA1112',0,0,0,0,0,0,0,0,0,0,0,0);
Insert into HKL.STOCK (STOCK_PRODUCT_CODE,STOCK_290,STOCK_295,STOCK_240,STOCK_245,STOCK_250,STOCK_255,STOCK_260,STOCK_265,STOCK_270,STOCK_275,STOCK_280,STOCK_285) values ('AA1212',0,0,0,0,0,0,0,0,0,0,0,0);
