--------------------------------------------------------
--  오라클 12c 계정 설정을 위한 세션 변경 
--------------------------------------------------------
ALTER SESSION SET "_ORACLE_SCRIPT"=TRUE;

--------------------------------------------------------
--  hkl 계정 및 모든 테이블 삭제
--------------------------------------------------------
DROP USER hkl CASCADE;

--------------------------------------------------------
--  hkl 계정 생성
--------------------------------------------------------
CREATE USER hkl IDENTIFIED BY root;

--------------------------------------------------------
--  hkl 계정에 DBA 권한 부여
--------------------------------------------------------
GRANT DBA TO hkl;

--------------------------------------------------------
--  create SEQUENCE
--------------------------------------------------------

DROP SEQUENCE "HKL"."SEQ_BOARD_ASK";
DROP SEQUENCE "HKL"."SEQ_BOARD_REVIEW";
DROP SEQUENCE "HKL"."SEQ_ORDER_NUMBER";

CREATE SEQUENCE "HKL"."SEQ_BOARD_ASK";
CREATE SEQUENCE "HKL"."SEQ_BOARD_REVIEW";
CREATE SEQUENCE "HKL"."SEQ_ORDER_NUMBER";


--------------------------------------------------------
--  파일이 생성됨 - 월요일-12월-14-2020   
--------------------------------------------------------
--------------------------------------------------------
--  DDL for Table AUTHORITIES
--------------------------------------------------------

  CREATE TABLE "HKL"."AUTHORITIES" 
   (	"AUTHORITIES_MEMBER_ID" VARCHAR2(15 BYTE), 
	"AUTHORITIES_MEMBER" VARCHAR2(20 BYTE), 
	"AUTHORITIES_MANAGER" VARCHAR2(20 BYTE), 
	"AUTHORITIES_ADMIN" VARCHAR2(20 BYTE)
   ) ;
--------------------------------------------------------
--  DDL for Table BASKET
--------------------------------------------------------

  CREATE TABLE "HKL"."BASKET" 
   (	"BASKET_MEMBER_ID" VARCHAR2(15 BYTE), 
	"BASKET_PRODUCT_CODE" CHAR(6 BYTE)
   ) ;
--------------------------------------------------------
--  DDL for Table BOARD_ASK
--------------------------------------------------------

  CREATE TABLE "HKL"."BOARD_ASK" 
   (	"BOARD_ASK_NUMBER" NUMBER, 
	"BOARD_ASK_MEMBER_ID" VARCHAR2(15 BYTE), 
	"BOARD_ASK_DATE" DATE DEFAULT sysdate, 
	"BOARD_ASK_TITLE" VARCHAR2(200 BYTE), 
	"BOARD_ASK_CONTENT" VARCHAR2(3000 BYTE), 
	"BOARD_ASK_STATE" VARCHAR2(30 BYTE) DEFAULT '접수 완료', 
	"BOARD_ASK_TYPE" NUMBER(1,0), 
	"BOARD_ASK_PRODUCT_CODE" CHAR(6 BYTE) DEFAULT 000000, 
	"BOARD_ASK_ORDER_NUMBER" NUMBER DEFAULT 0,
   	"BOARD_ASK_ANSWER" VARCHAR2(3000 BYTE) DEFAULT '문의내용을 확인하고있습니다.'
   ) ;
--------------------------------------------------------
--  DDL for Table BOARD_COMMENT
--------------------------------------------------------

  CREATE TABLE "HKL"."BOARD_COMMENT" 
   (	"BOARD_COMMENT_BOARD_REVIEW_NUMBER" NUMBER, 
	"BOARD_COMMENT_CONTENT" VARCHAR2(3000 BYTE), 
	"BOARD_COMMENT__MEMBER_ID" VARCHAR2(15 BYTE), 
	"BOARD_COMMENT__REGDATE" DATE DEFAULT sysdate
   ) ;
--------------------------------------------------------
--  DDL for Table BOARD_REVIEW
--------------------------------------------------------

  CREATE TABLE "HKL"."BOARD_REVIEW" 
   (	"BOARD_REVIEW_NUMBER" NUMBER, 
	"BOARD_REVIEW_MEMBER_ID" VARCHAR2(15 BYTE), 
	"BOARD_REVIEW_PRODUCT_CODE" CHAR(6 BYTE), 
	"BOARD_REVIEW_SCORE" NUMBER(1,0), 
	"BOARD_REVIEW_CONTENT" VARCHAR2(150 BYTE), 
	"BOARD_REVIEW_DATE" DATE DEFAULT sysdate,
    	"BOARD_REVIEW_IMG" VARCHAR2(100 BYTE), 
	"BOARD_REVIEW_IMGPATH" VARCHAR2(200 BYTE), 
	"BOARD_REVIEW_THUMBNAIL" VARCHAR2(100 BYTE)
   ) ;
--------------------------------------------------------
--  DDL for Table MEMBER
--------------------------------------------------------

  CREATE TABLE "HKL"."MEMBER" 
   (	"MEMBER_ID" VARCHAR2(15 BYTE), 
	"MEMBER_PW" CHAR(60 BYTE), 
	"MEMBER_NAME" VARCHAR2(15 BYTE), 
	"MEMBER_EMAIL" VARCHAR2(40 BYTE), 
	"MEMBER_TEL" CHAR(11 BYTE), 
	"MEMBER_REGDATE" DATE DEFAULT sysdate, 
	"MEMBER_ADDRESS" VARCHAR2(150 BYTE) , 
	"MEMBER_ADDRESS_MEMBER" VARCHAR2(150 BYTE), 
	"MEMBER_ADDRESS_POSTCODE" VARCHAR2(10 BYTE)
   ) ;
--------------------------------------------------------
--  DDL for Table PRODUCT
--------------------------------------------------------

  CREATE TABLE "HKL"."PRODUCT" 
   (	"PRODUCT_CODE" CHAR(6 BYTE), 
	"PRODUCT_NAME" VARCHAR2(100 BYTE), 
	"PRODUCT_BRAND" VARCHAR2(45 BYTE), 
	"PRODUCT_PRICE" NUMBER(8,0), 
	"PRODUCT_TYPE" NUMBER(4,0), 
	"PRODUCT_IMGPATH" VARCHAR2(200 BYTE), 
	"PRODUCT_IMG" VARCHAR2(100 BYTE), 
	"PRODUCT_THUMBNAIL" VARCHAR2(100 BYTE),
    	"PRODUCT_CONTENT" VARCHAR2(100 BYTE),
    	"PRODUCT_REGDATE" DATE
   ) ;
--------------------------------------------------------
--  DDL for Table PRODUCT_LIKE
--------------------------------------------------------

  CREATE TABLE "HKL"."PRODUCT_LIKE" 
   (	"LIKE_MEMBER_ID" VARCHAR2(15 BYTE), 
	"LIKE_PRODUCT_CODE" CHAR(6 BYTE)
   ) ;
--------------------------------------------------------
--  DDL for Table PRODUCT_ORDER
--------------------------------------------------------

  CREATE TABLE "HKL"."PRODUCT_ORDER" 
   (	"ORDER_NUMBER" NUMBER, 
	"ORDER_MEMBER_ID" VARCHAR2(15 BYTE), 
	"ORDER_DATE" DATE DEFAULT sysdate, 
	"ORDER_ADDRESS" VARCHAR2(150 BYTE), 
	"ORDER_STATE" VARCHAR2(60 BYTE) DEFAULT '주문 접수 처리중', 
	"ORDER_NAME" VARCHAR2(15 BYTE), 
	"ORDER_MEMO" VARCHAR2(60 BYTE), 
	"ORDER_TEL" CHAR(11 BYTE), 
	"ORDER_PAYMENT" NUMBER,
    	"ORDER_ADDRESS_MEMBER" VARCHAR2(150 BYTE), 
	"ORDER_ADDRESS_POSTCODE" VARCHAR2(10 BYTE)
   ) ;
--------------------------------------------------------
--  DDL for Table PRODUCT_ORDER_LIST
--------------------------------------------------------

  CREATE TABLE "HKL"."PRODUCT_ORDER_LIST" 
   (	"ORDER_LIST_ORDER_NUMBER" NUMBER, 
	"ORDER_LIST_PRODUCT" CHAR(6 BYTE),
    	"ORDER_LIST_STOCK_240" NUMBER, 
	"ORDER_LIST_STOCK_245" NUMBER, 
	"ORDER_LIST_STOCK_250" NUMBER, 
	"ORDER_LIST_STOCK_255" NUMBER, 
	"ORDER_LIST_STOCK_260" NUMBER, 
	"ORDER_LIST_STOCK_265" NUMBER, 
	"ORDER_LIST_STOCK_270" NUMBER, 
	"ORDER_LIST_STOCK_275" NUMBER, 
	"ORDER_LIST_STOCK_280" NUMBER, 
	"ORDER_LIST_STOCK_285" NUMBER, 
	"ORDER_LIST_STOCK_290" NUMBER, 
	"ORDER_LIST_STOCK_295" NUMBER
   ) ;
--------------------------------------------------------
--  DDL for Table STOCK
--------------------------------------------------------

  CREATE TABLE "HKL"."STOCK" 
   (	"STOCK_PRODUCT_CODE" CHAR(6 BYTE), 
	"STOCK_290" NUMBER DEFAULT 0, 
	"STOCK_295" NUMBER, 
	"STOCK_240" NUMBER, 
	"STOCK_245" NUMBER DEFAULT 0, 
	"STOCK_250" NUMBER, 
	"STOCK_255" NUMBER, 
	"STOCK_260" NUMBER, 
	"STOCK_265" NUMBER, 
	"STOCK_270" NUMBER, 
	"STOCK_275" NUMBER, 
	"STOCK_280" NUMBER, 
	"STOCK_285" NUMBER
   ) ;
REM INSERTING into HKL.AUTHORITIES
SET DEFINE OFF;
Insert into HKL.AUTHORITIES (AUTHORITIES_MEMBER_ID,AUTHORITIES_MEMBER,AUTHORITIES_MANAGER,AUTHORITIES_ADMIN) values ('kuku52313','ROLE_MEMBER','ROLE_MANAGER','ROLE_ADMIN');
Insert into HKL.AUTHORITIES (AUTHORITIES_MEMBER_ID,AUTHORITIES_MEMBER,AUTHORITIES_MANAGER,AUTHORITIES_ADMIN) values ('lee123','ROLE_MEMBER','ROLE_MANAGER','ROLE_ADMIN');
Insert into HKL.AUTHORITIES (AUTHORITIES_MEMBER_ID,AUTHORITIES_MEMBER,AUTHORITIES_MANAGER,AUTHORITIES_ADMIN) values ('hch4102','ROLE_MEMBER','ROLE_MANAGER','ROLE_ADMIN');
REM INSERTING into HKL.BASKET
SET DEFINE OFF;
REM INSERTING into HKL.BOARD_ASK
SET DEFINE OFF;
REM INSERTING into HKL.BOARD_COMMENT
SET DEFINE OFF;
REM INSERTING into HKL.BOARD_REVIEW
SET DEFINE OFF;
REM INSERTING into HKL.MEMBER
SET DEFINE OFF;
Insert into HKL.MEMBER (MEMBER_ID,MEMBER_PW,MEMBER_NAME,MEMBER_EMAIL,MEMBER_TEL,MEMBER_REGDATE,MEMBER_ADDRESS) values ('kuku52313','$2a$10$BM7FI3Xq6TwEmARKLSt84eKG8UTj3eQEFZdNkDM5j6qW3TwhNADTC','김희곤','lars523@naver.com','01099961644',to_date('20/12/14','RR/MM/DD'),null);
Insert into HKL.MEMBER (MEMBER_ID,MEMBER_PW,MEMBER_NAME,MEMBER_EMAIL,MEMBER_TEL,MEMBER_REGDATE,MEMBER_ADDRESS) values ('lee123','$2a$10$PQTmslxqg1FmhzOafPIwa.U9AcnWeyhhdeu7bQpCw.V1kiVQnG4xK','이예린','sasdfa@naver.com','01088888888',to_date('20/12/14','RR/MM/DD'),null);
Insert into HKL.MEMBER (MEMBER_ID,MEMBER_PW,MEMBER_NAME,MEMBER_EMAIL,MEMBER_TEL,MEMBER_REGDATE,MEMBER_ADDRESS) values ('hch4102','$2a$10$.mjOnnsEtUM73wjmMg7nPeq/ze76Emx3WNYqvEUVlxxOXDRqqrHJG','한창훈','hch4102@naver.com','01051249231',to_date('20/12/14','RR/MM/DD'),null);
REM INSERTING into HKL.PRODUCT
SET DEFINE OFF;
REM INSERTING into HKL.PRODUCT_LIKE
SET DEFINE OFF;
REM INSERTING into HKL.PRODUCT_ORDER
SET DEFINE OFF;
REM INSERTING into HKL.PRODUCT_ORDER_LIST
SET DEFINE OFF;
REM INSERTING into HKL.STOCK
SET DEFINE OFF;
--------------------------------------------------------
--  DDL for Index BOARD_ASK_PK
--------------------------------------------------------

  CREATE UNIQUE INDEX "HKL"."BOARD_ASK_PK" ON "HKL"."BOARD_ASK" ("BOARD_ASK_NUMBER") 
  ;
--------------------------------------------------------
--  DDL for Index BOARD_REVIEW_PK
--------------------------------------------------------

  CREATE UNIQUE INDEX "HKL"."BOARD_REVIEW_PK" ON "HKL"."BOARD_REVIEW" ("BOARD_REVIEW_NUMBER") 
  ;
--------------------------------------------------------
--  DDL for Index MEMBER_PK
--------------------------------------------------------

  CREATE UNIQUE INDEX "HKL"."MEMBER_PK" ON "HKL"."MEMBER" ("MEMBER_ID") 
  ;
--------------------------------------------------------
--  DDL for Index PRODUCT_PK
--------------------------------------------------------

  CREATE UNIQUE INDEX "HKL"."PRODUCT_PK" ON "HKL"."PRODUCT" ("PRODUCT_CODE") 
  ;
--------------------------------------------------------
--  DDL for Index PRODUCT_ORDER_PK
--------------------------------------------------------

  CREATE UNIQUE INDEX "HKL"."PRODUCT_ORDER_PK" ON "HKL"."PRODUCT_ORDER" ("ORDER_NUMBER") 
  ;
--------------------------------------------------------
--  Constraints for Table AUTHORITIES
--------------------------------------------------------

  ALTER TABLE "HKL"."AUTHORITIES" MODIFY ("AUTHORITIES_MEMBER_ID" NOT NULL ENABLE);
  ALTER TABLE "HKL"."AUTHORITIES" MODIFY ("AUTHORITIES_MEMBER" NOT NULL ENABLE);
--------------------------------------------------------
--  Constraints for Table BASKET
--------------------------------------------------------

  ALTER TABLE "HKL"."BASKET" MODIFY ("BASKET_MEMBER_ID" NOT NULL ENABLE);
  ALTER TABLE "HKL"."BASKET" MODIFY ("BASKET_PRODUCT_CODE" NOT NULL ENABLE);
--------------------------------------------------------
--  Constraints for Table BOARD_ASK
--------------------------------------------------------

  ALTER TABLE "HKL"."BOARD_ASK" MODIFY ("BOARD_ASK_NUMBER" NOT NULL ENABLE);
  ALTER TABLE "HKL"."BOARD_ASK" MODIFY ("BOARD_ASK_MEMBER_ID" NOT NULL ENABLE);
  ALTER TABLE "HKL"."BOARD_ASK" MODIFY ("BOARD_ASK_DATE" NOT NULL ENABLE);
  ALTER TABLE "HKL"."BOARD_ASK" MODIFY ("BOARD_ASK_TITLE" NOT NULL ENABLE);
  ALTER TABLE "HKL"."BOARD_ASK" MODIFY ("BOARD_ASK_CONTENT" NOT NULL ENABLE);
  ALTER TABLE "HKL"."BOARD_ASK" MODIFY ("BOARD_ASK_STATE" NOT NULL ENABLE);
  ALTER TABLE "HKL"."BOARD_ASK" MODIFY ("BOARD_ASK_TYPE" NOT NULL ENABLE);
  ALTER TABLE "HKL"."BOARD_ASK" ADD CONSTRAINT "BOARD_ASK_PK" PRIMARY KEY ("BOARD_ASK_NUMBER")
  USING INDEX  ENABLE;
--------------------------------------------------------
--  Constraints for Table BOARD_COMMENT
--------------------------------------------------------

  ALTER TABLE "HKL"."BOARD_COMMENT" MODIFY ("BOARD_COMMENT_BOARD_REVIEW_NUMBER" NOT NULL ENABLE);
  ALTER TABLE "HKL"."BOARD_COMMENT" MODIFY ("BOARD_COMMENT_CONTENT" NOT NULL ENABLE);
  ALTER TABLE "HKL"."BOARD_COMMENT" MODIFY ("BOARD_COMMENT__MEMBER_ID" NOT NULL ENABLE);
  ALTER TABLE "HKL"."BOARD_COMMENT" MODIFY ("BOARD_COMMENT__REGDATE" NOT NULL ENABLE);
--------------------------------------------------------
--  Constraints for Table BOARD_REVIEW
--------------------------------------------------------

  ALTER TABLE "HKL"."BOARD_REVIEW" MODIFY ("BOARD_REVIEW_NUMBER" NOT NULL ENABLE);
  ALTER TABLE "HKL"."BOARD_REVIEW" MODIFY ("BOARD_REVIEW_MEMBER_ID" NOT NULL ENABLE);
  ALTER TABLE "HKL"."BOARD_REVIEW" MODIFY ("BOARD_REVIEW_PRODUCT_CODE" NOT NULL ENABLE);
  ALTER TABLE "HKL"."BOARD_REVIEW" MODIFY ("BOARD_REVIEW_SCORE" NOT NULL ENABLE);
  ALTER TABLE "HKL"."BOARD_REVIEW" MODIFY ("BOARD_REVIEW_CONTENT" NOT NULL ENABLE);
  ALTER TABLE "HKL"."BOARD_REVIEW" ADD CONSTRAINT "BOARD_REVIEW_PK" PRIMARY KEY ("BOARD_REVIEW_NUMBER")
  USING INDEX  ENABLE;
--------------------------------------------------------
--  Constraints for Table MEMBER
--------------------------------------------------------

  ALTER TABLE "HKL"."MEMBER" MODIFY ("MEMBER_PW" NOT NULL ENABLE);
  ALTER TABLE "HKL"."MEMBER" MODIFY ("MEMBER_NAME" NOT NULL ENABLE);
  ALTER TABLE "HKL"."MEMBER" MODIFY ("MEMBER_EMAIL" NOT NULL ENABLE);
  ALTER TABLE "HKL"."MEMBER" MODIFY ("MEMBER_TEL" NOT NULL ENABLE);
  ALTER TABLE "HKL"."MEMBER" MODIFY ("MEMBER_REGDATE" NOT NULL ENABLE);
  ALTER TABLE "HKL"."MEMBER" MODIFY ("MEMBER_ID" NOT NULL ENABLE);
  ALTER TABLE "HKL"."MEMBER" ADD CONSTRAINT "MEMBER_PK" PRIMARY KEY ("MEMBER_ID")
  USING INDEX  ENABLE;
--------------------------------------------------------
--  Constraints for Table PRODUCT
--------------------------------------------------------

  ALTER TABLE "HKL"."PRODUCT" MODIFY ("PRODUCT_CODE" NOT NULL ENABLE);
  ALTER TABLE "HKL"."PRODUCT" MODIFY ("PRODUCT_NAME" NOT NULL ENABLE);
  ALTER TABLE "HKL"."PRODUCT" MODIFY ("PRODUCT_BRAND" NOT NULL ENABLE);
  ALTER TABLE "HKL"."PRODUCT" MODIFY ("PRODUCT_PRICE" NOT NULL ENABLE);
  ALTER TABLE "HKL"."PRODUCT" MODIFY ("PRODUCT_TYPE" NOT NULL ENABLE);
  ALTER TABLE "HKL"."PRODUCT" ADD CONSTRAINT "PRODUCT_PK" PRIMARY KEY ("PRODUCT_CODE")
  USING INDEX  ENABLE;
--------------------------------------------------------
--  Constraints for Table PRODUCT_LIKE
--------------------------------------------------------

  ALTER TABLE "HKL"."PRODUCT_LIKE" MODIFY ("LIKE_MEMBER_ID" NOT NULL ENABLE);
  ALTER TABLE "HKL"."PRODUCT_LIKE" MODIFY ("LIKE_PRODUCT_CODE" NOT NULL ENABLE);
--------------------------------------------------------
--  Constraints for Table PRODUCT_ORDER
--------------------------------------------------------

  ALTER TABLE "HKL"."PRODUCT_ORDER" MODIFY ("ORDER_NUMBER" NOT NULL ENABLE);
  ALTER TABLE "HKL"."PRODUCT_ORDER" MODIFY ("ORDER_MEMBER_ID" NOT NULL ENABLE);
  ALTER TABLE "HKL"."PRODUCT_ORDER" MODIFY ("ORDER_DATE" NOT NULL ENABLE);
  ALTER TABLE "HKL"."PRODUCT_ORDER" MODIFY ("ORDER_ADDRESS" NOT NULL ENABLE);
  ALTER TABLE "HKL"."PRODUCT_ORDER" MODIFY ("ORDER_NAME" NOT NULL ENABLE);
  ALTER TABLE "HKL"."PRODUCT_ORDER" MODIFY ("ORDER_TEL" NOT NULL ENABLE);
  ALTER TABLE "HKL"."PRODUCT_ORDER" MODIFY ("ORDER_PAYMENT" NOT NULL ENABLE);
  ALTER TABLE "HKL"."PRODUCT_ORDER" MODIFY ("ORDER_ADDRESS_MEMBER" NOT NULL ENABLE);
  ALTER TABLE "HKL"."PRODUCT_ORDER" MODIFY ("ORDER_ADDRESS_POSTCODE" NOT NULL ENABLE);
  ALTER TABLE "HKL"."PRODUCT_ORDER" ADD CONSTRAINT "PRODUCT_ORDER_PK" PRIMARY KEY ("ORDER_NUMBER")
  USING INDEX  ENABLE;
--------------------------------------------------------
--  Constraints for Table STOCK
--------------------------------------------------------

  ALTER TABLE "HKL"."STOCK" MODIFY ("STOCK_PRODUCT_CODE" NOT NULL ENABLE);
--------------------------------------------------------
--  Ref Constraints for Table AUTHORITIES
--------------------------------------------------------

  ALTER TABLE "HKL"."AUTHORITIES" ADD CONSTRAINT "AUTHOLITIES_MEMBER_ID_FK_MEMBER_ID" FOREIGN KEY ("AUTHORITIES_MEMBER_ID")
	  REFERENCES "HKL"."MEMBER" ("MEMBER_ID") ON DELETE CASCADE ENABLE;
--------------------------------------------------------
--  Ref Constraints for Table BASKET
--------------------------------------------------------

  ALTER TABLE "HKL"."BASKET" ADD CONSTRAINT "BASKET_FK_PRODUCT_CODE" FOREIGN KEY ("BASKET_PRODUCT_CODE")
	  REFERENCES "HKL"."PRODUCT" ("PRODUCT_CODE") ON DELETE CASCADE ENABLE;
  ALTER TABLE "HKL"."BASKET" ADD CONSTRAINT "BASKET_FK_MEMBER_ID" FOREIGN KEY ("BASKET_MEMBER_ID")
	  REFERENCES "HKL"."MEMBER" ("MEMBER_ID") ON DELETE CASCADE ENABLE;
--------------------------------------------------------
--  Ref Constraints for Table BOARD_ASK
--------------------------------------------------------

  ALTER TABLE "HKL"."BOARD_ASK" ADD CONSTRAINT "BOARD_ASK_FK_MEMBER_ID" FOREIGN KEY ("BOARD_ASK_MEMBER_ID")
	  REFERENCES "HKL"."MEMBER" ("MEMBER_ID") ON DELETE CASCADE ENABLE;
--------------------------------------------------------
--  Ref Constraints for Table BOARD_COMMENT
--------------------------------------------------------

  ALTER TABLE "HKL"."BOARD_COMMENT" ADD CONSTRAINT "BOARD_COMMENT_FK_BOARD_REVIEW_NUMBER" FOREIGN KEY ("BOARD_COMMENT_BOARD_REVIEW_NUMBER")
	  REFERENCES "HKL"."BOARD_REVIEW" ("BOARD_REVIEW_NUMBER") ON DELETE CASCADE ENABLE;
--------------------------------------------------------
--  Ref Constraints for Table BOARD_REVIEW
--------------------------------------------------------

  ALTER TABLE "HKL"."BOARD_REVIEW" ADD CONSTRAINT "BOARD_REVIEW_FK_PRODUCT_CODE" FOREIGN KEY ("BOARD_REVIEW_PRODUCT_CODE")
	  REFERENCES "HKL"."PRODUCT" ("PRODUCT_CODE") ON DELETE CASCADE ENABLE;
  ALTER TABLE "HKL"."BOARD_REVIEW" ADD CONSTRAINT "BOARD_REVIEW_FK_MEMBER_ID" FOREIGN KEY ("BOARD_REVIEW_MEMBER_ID")
	  REFERENCES "HKL"."MEMBER" ("MEMBER_ID") ON DELETE CASCADE ENABLE;
--------------------------------------------------------
--  Ref Constraints for Table PRODUCT_LIKE
--------------------------------------------------------

  ALTER TABLE "HKL"."PRODUCT_LIKE" ADD CONSTRAINT "PRODUCT_LIKE_FK_PRODUCT_CODE" FOREIGN KEY ("LIKE_PRODUCT_CODE")
	  REFERENCES "HKL"."PRODUCT" ("PRODUCT_CODE") ON DELETE CASCADE ENABLE;
  ALTER TABLE "HKL"."PRODUCT_LIKE" ADD CONSTRAINT "PRODUCT_LIKE_FK_MEMBER_ID" FOREIGN KEY ("LIKE_MEMBER_ID")
	  REFERENCES "HKL"."MEMBER" ("MEMBER_ID") ON DELETE CASCADE ENABLE;
--------------------------------------------------------
--  Ref Constraints for Table PRODUCT_ORDER
--------------------------------------------------------

  ALTER TABLE "HKL"."PRODUCT_ORDER" ADD CONSTRAINT "PRODUCT_ORDER_MEMBER_ID_FK_MEMBER_ID" FOREIGN KEY ("ORDER_MEMBER_ID")
	  REFERENCES "HKL"."MEMBER" ("MEMBER_ID") ENABLE;
--------------------------------------------------------
--  Ref Constraints for Table PRODUCT_ORDER_LIST
--------------------------------------------------------

  ALTER TABLE "HKL"."PRODUCT_ORDER_LIST" ADD CONSTRAINT "PRODUCT_ORDER_LIST_FK_ORDER_NUMBER" FOREIGN KEY ("ORDER_LIST_ORDER_NUMBER")
	  REFERENCES "HKL"."PRODUCT_ORDER" ("ORDER_NUMBER") ENABLE;
  ALTER TABLE "HKL"."PRODUCT_ORDER_LIST" ADD CONSTRAINT "PRODUCT_ORDER_LIST_FK1" FOREIGN KEY ("ORDER_LIST_PRODUCT")
	  REFERENCES "HKL"."PRODUCT" ("PRODUCT_CODE") ENABLE;
--------------------------------------------------------
--  Ref Constraints for Table STOCK
--------------------------------------------------------

  ALTER TABLE "HKL"."STOCK" ADD CONSTRAINT "STOCK_PRODUCT_CODE_FK_PRODUCT_CODE" FOREIGN KEY ("STOCK_PRODUCT_CODE")
	  REFERENCES "HKL"."PRODUCT" ("PRODUCT_CODE") ON DELETE CASCADE ENABLE;

--------------------------------------------------------
--  DUMMY DATA
--------------------------------------------------------	

Insert into HKL.PRODUCT (PRODUCT_CODE,PRODUCT_NAME,PRODUCT_BRAND,PRODUCT_PRICE,PRODUCT_TYPE,PRODUCT_IMGPATH,PRODUCT_IMG,PRODUCT_THUMBNAIL,PRODUCT_CONTENT,PRODUCT_REGDATE) values ('AA0431','윈플로 7 쉴드','나이키',50000,31,'\resources\product\2020\12\30','\M_dd3f7a7a-92fe-4af3-9c6b-6aaf09280abd_SNEAKERS_26.jpg','\S_dd3f7a7a-92fe-4af3-9c6b-6aaf09280abd_SNEAKERS_26.jpg','\C_dd3f7a7a-92fe-4af3-9c6b-6aaf09280abd_SNEAKERS_26.jpg',to_date('20/12/30','RR/MM/DD'));
Insert into HKL.PRODUCT (PRODUCT_CODE,PRODUCT_NAME,PRODUCT_BRAND,PRODUCT_PRICE,PRODUCT_TYPE,PRODUCT_IMGPATH,PRODUCT_IMG,PRODUCT_THUMBNAIL,PRODUCT_CONTENT,PRODUCT_REGDATE) values ('AA0531','MR530ELB','뉴발란스',50000,31,'\resources\product\2020\12\30','\M_ef85e9d6-d529-46ae-9590-dec03e5d6585_SNEAKERS_21.jpg','\S_ef85e9d6-d529-46ae-9590-dec03e5d6585_SNEAKERS_21.jpg','\C_ef85e9d6-d529-46ae-9590-dec03e5d6585_SNEAKERS_21.jpg',to_date('20/12/30','RR/MM/DD'));
Insert into HKL.PRODUCT (PRODUCT_CODE,PRODUCT_NAME,PRODUCT_BRAND,PRODUCT_PRICE,PRODUCT_TYPE,PRODUCT_IMGPATH,PRODUCT_IMG,PRODUCT_THUMBNAIL,PRODUCT_CONTENT,PRODUCT_REGDATE) values ('AA0631','에어 다이나마이트','스케쳐스',50000,31,'\resources\product\2020\12\30','\M_124f3402-47fc-4af5-af53-235c13fb52ad_SNEAKERS_3.jpg','\S_124f3402-47fc-4af5-af53-235c13fb52ad_SNEAKERS_3.jpg','\C_124f3402-47fc-4af5-af53-235c13fb52ad_SNEAKERS_3.jpg',to_date('20/12/30','RR/MM/DD'));
Insert into HKL.PRODUCT (PRODUCT_CODE,PRODUCT_NAME,PRODUCT_BRAND,PRODUCT_PRICE,PRODUCT_TYPE,PRODUCT_IMGPATH,PRODUCT_IMG,PRODUCT_THUMBNAIL,PRODUCT_CONTENT,PRODUCT_REGDATE) values ('AA0731','X9000L2 우먼스','아디다스',50000,31,'\resources\product\2020\12\30','\M_ebc79408-35cb-4031-86c0-47905f904917_SNEAKERS_40.jpg','\S_ebc79408-35cb-4031-86c0-47905f904917_SNEAKERS_40.jpg','\C_ebc79408-35cb-4031-86c0-47905f904917_SNEAKERS_40.jpg',to_date('20/12/30','RR/MM/DD'));
Insert into HKL.PRODUCT (PRODUCT_CODE,PRODUCT_NAME,PRODUCT_BRAND,PRODUCT_PRICE,PRODUCT_TYPE,PRODUCT_IMGPATH,PRODUCT_IMG,PRODUCT_THUMBNAIL,PRODUCT_CONTENT,PRODUCT_REGDATE) values ('AA0831','갤럭사 런 맨','아디다스',50000,31,'\resources\product\2020\12\30','\M_4bc1555b-b83c-4b04-b64d-c98b6dfcc0bf_SNEAKERS_39.jpg','\S_4bc1555b-b83c-4b04-b64d-c98b6dfcc0bf_SNEAKERS_39.jpg','\C_4bc1555b-b83c-4b04-b64d-c98b6dfcc0bf_SNEAKERS_39.jpg',to_date('20/12/30','RR/MM/DD'));
Insert into HKL.PRODUCT (PRODUCT_CODE,PRODUCT_NAME,PRODUCT_BRAND,PRODUCT_PRICE,PRODUCT_TYPE,PRODUCT_IMGPATH,PRODUCT_IMG,PRODUCT_THUMBNAIL,PRODUCT_CONTENT,PRODUCT_REGDATE) values ('AA0931','듀라모 에스엘 와이드','아디다스',50000,31,'\resources\product\2020\12\30','\M_1b667b71-bc27-4aa2-8ce5-19c5ce2874fa_SNEAKERS_11.jpg','\S_1b667b71-bc27-4aa2-8ce5-19c5ce2874fa_SNEAKERS_11.jpg','\C_1b667b71-bc27-4aa2-8ce5-19c5ce2874fa_SNEAKERS_11.jpg',to_date('20/12/30','RR/MM/DD'));
Insert into HKL.PRODUCT (PRODUCT_CODE,PRODUCT_NAME,PRODUCT_BRAND,PRODUCT_PRICE,PRODUCT_TYPE,PRODUCT_IMGPATH,PRODUCT_IMG,PRODUCT_THUMBNAIL,PRODUCT_CONTENT,PRODUCT_REGDATE) values ('AA1031','럭카디아 트레일 3.0','아디다스',50000,31,'\resources\product\2020\12\30','\M_bba1a98a-9493-415c-8416-9693f005743e_SNEAKERS_2.jpg','\S_bba1a98a-9493-415c-8416-9693f005743e_SNEAKERS_2.jpg','\C_bba1a98a-9493-415c-8416-9693f005743e_SNEAKERS_2.jpg',to_date('20/12/30','RR/MM/DD'));
Insert into HKL.PRODUCT (PRODUCT_CODE,PRODUCT_NAME,PRODUCT_BRAND,PRODUCT_PRICE,PRODUCT_TYPE,PRODUCT_IMGPATH,PRODUCT_IMG,PRODUCT_THUMBNAIL,PRODUCT_CONTENT,PRODUCT_REGDATE) values ('AA1131','런팔콘 2.0','아디다스',50000,31,'\resources\product\2020\12\30','\M_1300769f-f75f-4e54-84c5-48028a78b2b1_SNEAKERS_1.jpg','\S_1300769f-f75f-4e54-84c5-48028a78b2b1_SNEAKERS_1.jpg','\C_1300769f-f75f-4e54-84c5-48028a78b2b1_SNEAKERS_1.jpg',to_date('20/12/30','RR/MM/DD'));
Insert into HKL.PRODUCT (PRODUCT_CODE,PRODUCT_NAME,PRODUCT_BRAND,PRODUCT_PRICE,PRODUCT_TYPE,PRODUCT_IMGPATH,PRODUCT_IMG,PRODUCT_THUMBNAIL,PRODUCT_CONTENT,PRODUCT_REGDATE) values ('AA1231','리스폰스 런','아디다스',50000,31,'\resources\product\2020\12\30','\M_079dc579-57f0-4f74-914d-b5c97b750d9d_SNEAKERS_6.jpg','\S_079dc579-57f0-4f74-914d-b5c97b750d9d_SNEAKERS_6.jpg','\C_079dc579-57f0-4f74-914d-b5c97b750d9d_SNEAKERS_6.jpg',to_date('20/12/30','RR/MM/DD'));
Insert into HKL.PRODUCT (PRODUCT_CODE,PRODUCT_NAME,PRODUCT_BRAND,PRODUCT_PRICE,PRODUCT_TYPE,PRODUCT_IMGPATH,PRODUCT_IMG,PRODUCT_THUMBNAIL,PRODUCT_CONTENT,PRODUCT_REGDATE) values ('AA1331','클라이마웜 LTD M','아디다스',50000,31,'\resources\product\2020\12\30','\M_4ee42331-6838-458e-a4ff-607b71829aee_SNEAKERS_15.jpg','\S_4ee42331-6838-458e-a4ff-607b71829aee_SNEAKERS_15.jpg','\C_4ee42331-6838-458e-a4ff-607b71829aee_SNEAKERS_15.jpg',to_date('20/12/30','RR/MM/DD'));
Insert into HKL.PRODUCT (PRODUCT_CODE,PRODUCT_NAME,PRODUCT_BRAND,PRODUCT_PRICE,PRODUCT_TYPE,PRODUCT_IMGPATH,PRODUCT_IMG,PRODUCT_THUMBNAIL,PRODUCT_CONTENT,PRODUCT_REGDATE) values ('AA1431','리스폰스 트레일 2.0','아디다스',50000,31,'\resources\product\2020\12\30','\M_cd6d6090-3b89-4eed-8c9d-322f32d47ba8_SNEAKERS_27.jpg','\S_cd6d6090-3b89-4eed-8c9d-322f32d47ba8_SNEAKERS_27.jpg','\C_cd6d6090-3b89-4eed-8c9d-322f32d47ba8_SNEAKERS_27.jpg',to_date('20/12/30','RR/MM/DD'));
Insert into HKL.PRODUCT (PRODUCT_CODE,PRODUCT_NAME,PRODUCT_BRAND,PRODUCT_PRICE,PRODUCT_TYPE,PRODUCT_IMGPATH,PRODUCT_IMG,PRODUCT_THUMBNAIL,PRODUCT_CONTENT,PRODUCT_REGDATE) values ('AA1531','클라이마웜 바운스','아디다스',50000,31,'\resources\product\2020\12\30','\M_2f182028-3e76-4fc1-beff-e94a8c1a5901_SNEAKERS_29.jpg','\S_2f182028-3e76-4fc1-beff-e94a8c1a5901_SNEAKERS_29.jpg','\C_2f182028-3e76-4fc1-beff-e94a8c1a5901_SNEAKERS_29.jpg',to_date('20/12/30','RR/MM/DD'));
Insert into HKL.PRODUCT (PRODUCT_CODE,PRODUCT_NAME,PRODUCT_BRAND,PRODUCT_PRICE,PRODUCT_TYPE,PRODUCT_IMGPATH,PRODUCT_IMG,PRODUCT_THUMBNAIL,PRODUCT_CONTENT,PRODUCT_REGDATE) values ('AA1631','플루이드 스트리트','아디다스',50000,31,'\resources\product\2020\12\30','\M_be26276b-610b-457c-992b-10e8d7600757_SNEAKERS_10.jpg','\S_be26276b-610b-457c-992b-10e8d7600757_SNEAKERS_10.jpg','\C_be26276b-610b-457c-992b-10e8d7600757_SNEAKERS_10.jpg',to_date('20/12/30','RR/MM/DD'));
Insert into HKL.PRODUCT (PRODUCT_CODE,PRODUCT_NAME,PRODUCT_BRAND,PRODUCT_PRICE,PRODUCT_TYPE,PRODUCT_IMGPATH,PRODUCT_IMG,PRODUCT_THUMBNAIL,PRODUCT_CONTENT,PRODUCT_REGDATE) values ('AA1731','밀레니오','푸마',50000,31,'\resources\product\2020\12\30','\M_ec51108c-c97f-4b4e-9818-1039a38f1ce2_SNEAKERS_17.jpg','\S_ec51108c-c97f-4b4e-9818-1039a38f1ce2_SNEAKERS_17.jpg','\C_ec51108c-c97f-4b4e-9818-1039a38f1ce2_SNEAKERS_17.jpg',to_date('20/12/30','RR/MM/DD'));
Insert into HKL.PRODUCT (PRODUCT_CODE,PRODUCT_NAME,PRODUCT_BRAND,PRODUCT_PRICE,PRODUCT_TYPE,PRODUCT_IMGPATH,PRODUCT_IMG,PRODUCT_THUMBNAIL,PRODUCT_CONTENT,PRODUCT_REGDATE) values ('AA1831','코멧 2 FS','푸마',50000,31,'\resources\product\2020\12\30','\M_6b4dc83b-bbf5-4412-8f19-57cd7fd0df0a_SNEAKERS_34.jpg','\S_6b4dc83b-bbf5-4412-8f19-57cd7fd0df0a_SNEAKERS_34.jpg','\C_6b4dc83b-bbf5-4412-8f19-57cd7fd0df0a_SNEAKERS_34.jpg',to_date('20/12/30','RR/MM/DD'));
Insert into HKL.PRODUCT (PRODUCT_CODE,PRODUCT_NAME,PRODUCT_BRAND,PRODUCT_PRICE,PRODUCT_TYPE,PRODUCT_IMGPATH,PRODUCT_IMG,PRODUCT_THUMBNAIL,PRODUCT_CONTENT,PRODUCT_REGDATE) values ('AA0132','주니어 베이퍼 13 아카데미','나이키',50000,32,'\resources\product\2020\12\30','\M_2966ada7-e84d-4454-9c93-be1700beaf3e_SNEAKERS_12.jpg','\S_2966ada7-e84d-4454-9c93-be1700beaf3e_SNEAKERS_12.jpg','\C_2966ada7-e84d-4454-9c93-be1700beaf3e_SNEAKERS_12.jpg',to_date('20/12/30','RR/MM/DD'));
Insert into HKL.PRODUCT (PRODUCT_CODE,PRODUCT_NAME,PRODUCT_BRAND,PRODUCT_PRICE,PRODUCT_TYPE,PRODUCT_IMGPATH,PRODUCT_IMG,PRODUCT_THUMBNAIL,PRODUCT_CONTENT,PRODUCT_REGDATE) values ('AA0232','주니어 베이퍼 13 아카데미 MDS','나이키',50000,32,'\resources\product\2020\12\30','\M_255c2f6b-8276-4531-8bff-0289fba961ce_SNEAKERS_2.jpg','\S_255c2f6b-8276-4531-8bff-0289fba961ce_SNEAKERS_2.jpg','\C_255c2f6b-8276-4531-8bff-0289fba961ce_SNEAKERS_2.jpg',to_date('20/12/30','RR/MM/DD'));
Insert into HKL.PRODUCT (PRODUCT_CODE,PRODUCT_NAME,PRODUCT_BRAND,PRODUCT_PRICE,PRODUCT_TYPE,PRODUCT_IMGPATH,PRODUCT_IMG,PRODUCT_THUMBNAIL,PRODUCT_CONTENT,PRODUCT_REGDATE) values ('AA0332','주니어 베이퍼 13 클럽 머큐리얼','나이키',50000,32,'\resources\product\2020\12\30','\M_d0bc53aa-1887-45e7-bf6d-8ffda3af20e0_SNEAKERS_5.jpg','\S_d0bc53aa-1887-45e7-bf6d-8ffda3af20e0_SNEAKERS_5.jpg','\C_d0bc53aa-1887-45e7-bf6d-8ffda3af20e0_SNEAKERS_5.jpg',to_date('20/12/30','RR/MM/DD'));
Insert into HKL.PRODUCT (PRODUCT_CODE,PRODUCT_NAME,PRODUCT_BRAND,PRODUCT_PRICE,PRODUCT_TYPE,PRODUCT_IMGPATH,PRODUCT_IMG,PRODUCT_THUMBNAIL,PRODUCT_CONTENT,PRODUCT_REGDATE) values ('AA0432','골레토 VII TF','아디다스',50000,32,'\resources\product\2020\12\30','\M_d9ffe346-db11-4bf3-b62e-4bd21a4eb5e1_SNEAKERS_10.jpg','\S_d9ffe346-db11-4bf3-b62e-4bd21a4eb5e1_SNEAKERS_10.jpg','\C_d9ffe346-db11-4bf3-b62e-4bd21a4eb5e1_SNEAKERS_10.jpg',to_date('20/12/30','RR/MM/DD'));
Insert into HKL.PRODUCT (PRODUCT_CODE,PRODUCT_NAME,PRODUCT_BRAND,PRODUCT_PRICE,PRODUCT_TYPE,PRODUCT_IMGPATH,PRODUCT_IMG,PRODUCT_THUMBNAIL,PRODUCT_CONTENT,PRODUCT_REGDATE) values ('AA0532','골레토 VII TF 주니어','아디다스',50000,32,'\resources\product\2020\12\30','\M_64a5e9f8-26d5-415a-b88e-841694745fa5_SNEAKERS_8.jpg','\S_64a5e9f8-26d5-415a-b88e-841694745fa5_SNEAKERS_8.jpg','\C_64a5e9f8-26d5-415a-b88e-841694745fa5_SNEAKERS_8.jpg',to_date('20/12/30','RR/MM/DD'));
Insert into HKL.PRODUCT (PRODUCT_CODE,PRODUCT_NAME,PRODUCT_BRAND,PRODUCT_PRICE,PRODUCT_TYPE,PRODUCT_IMGPATH,PRODUCT_IMG,PRODUCT_THUMBNAIL,PRODUCT_CONTENT,PRODUCT_REGDATE) values ('AA0632','레이저빔 FE','아식스',50000,32,'\resources\product\2020\12\30','\M_43c0518b-b681-4954-947a-99e3981a53f7_SNEAKERS_17.jpg','\S_43c0518b-b681-4954-947a-99e3981a53f7_SNEAKERS_17.jpg','\C_43c0518b-b681-4954-947a-99e3981a53f7_SNEAKERS_17.jpg',to_date('20/12/30','RR/MM/DD'));
Insert into HKL.PRODUCT (PRODUCT_CODE,PRODUCT_NAME,PRODUCT_BRAND,PRODUCT_PRICE,PRODUCT_TYPE,PRODUCT_IMGPATH,PRODUCT_IMG,PRODUCT_THUMBNAIL,PRODUCT_CONTENT,PRODUCT_REGDATE) values ('AA0732','라피도 II TT 벨크로 주니어','푸마',50000,32,'\resources\product\2020\12\30','\M_bec560d4-9711-49a5-a031-95d5462a3586_SNEAKERS_1.jpg','\S_bec560d4-9711-49a5-a031-95d5462a3586_SNEAKERS_1.jpg','\C_bec560d4-9711-49a5-a031-95d5462a3586_SNEAKERS_1.jpg',to_date('20/12/30','RR/MM/DD'));
Insert into HKL.PRODUCT (PRODUCT_CODE,PRODUCT_NAME,PRODUCT_BRAND,PRODUCT_PRICE,PRODUCT_TYPE,PRODUCT_IMGPATH,PRODUCT_IMG,PRODUCT_THUMBNAIL,PRODUCT_CONTENT,PRODUCT_REGDATE) values ('AA0832','퓨쳐 5.4 TT 벨크로 주니어','푸마',50000,32,'\resources\product\2020\12\30','\M_54f7c4cd-5002-46e6-b8c5-ffbfdbc202df_SNEAKERS_16.jpg','\S_54f7c4cd-5002-46e6-b8c5-ffbfdbc202df_SNEAKERS_16.jpg','\C_54f7c4cd-5002-46e6-b8c5-ffbfdbc202df_SNEAKERS_16.jpg',to_date('20/12/30','RR/MM/DD'));
Insert into HKL.PRODUCT (PRODUCT_CODE,PRODUCT_NAME,PRODUCT_BRAND,PRODUCT_PRICE,PRODUCT_TYPE,PRODUCT_IMGPATH,PRODUCT_IMG,PRODUCT_THUMBNAIL,PRODUCT_CONTENT,PRODUCT_REGDATE) values ('AA0932','스트라이커 TF','호킨스',50000,32,'\resources\product\2020\12\30','\M_0b96e14a-4fed-4429-a014-aaf5a436c58d_SNEAKERS_24.jpg','\S_0b96e14a-4fed-4429-a014-aaf5a436c58d_SNEAKERS_24.jpg','\C_0b96e14a-4fed-4429-a014-aaf5a436c58d_SNEAKERS_24.jpg',to_date('20/12/30','RR/MM/DD'));
Insert into HKL.PRODUCT (PRODUCT_CODE,PRODUCT_NAME,PRODUCT_BRAND,PRODUCT_PRICE,PRODUCT_TYPE,PRODUCT_IMGPATH,PRODUCT_IMG,PRODUCT_THUMBNAIL,PRODUCT_CONTENT,PRODUCT_REGDATE) values ('AA1032','햇 트릭','휠라',50000,32,'\resources\product\2020\12\30','\M_916bc974-ad6e-439b-98ac-3632e4a2d344_SNEAKERS_21.jpg','\S_916bc974-ad6e-439b-98ac-3632e4a2d344_SNEAKERS_21.jpg','\C_916bc974-ad6e-439b-98ac-3632e4a2d344_SNEAKERS_21.jpg',to_date('20/12/30','RR/MM/DD'));
Insert into HKL.PRODUCT (PRODUCT_CODE,PRODUCT_NAME,PRODUCT_BRAND,PRODUCT_PRICE,PRODUCT_TYPE,PRODUCT_IMGPATH,PRODUCT_IMG,PRODUCT_THUMBNAIL,PRODUCT_CONTENT,PRODUCT_REGDATE) values ('AA0133','리엑스 8 TR 메쉬','나이키',50000,33,'\resources\product\2020\12\30','\M_756cd9c8-190c-4c09-83dd-d5633f72be8a_SNEAKERS_2.jpg','\S_756cd9c8-190c-4c09-83dd-d5633f72be8a_SNEAKERS_2.jpg','\C_756cd9c8-190c-4c09-83dd-d5633f72be8a_SNEAKERS_2.jpg',to_date('20/12/30','RR/MM/DD'));
Insert into HKL.PRODUCT (PRODUCT_CODE,PRODUCT_NAME,PRODUCT_BRAND,PRODUCT_PRICE,PRODUCT_TYPE,PRODUCT_IMGPATH,PRODUCT_IMG,PRODUCT_THUMBNAIL,PRODUCT_CONTENT,PRODUCT_REGDATE) values ('AA0233','ML703BA','뉴발란스',50000,33,'\resources\product\2020\12\30','\M_972aea83-2a09-4f91-8fa5-29bc549aaea5_SNEAKERS_9.jpg','\S_972aea83-2a09-4f91-8fa5-29bc549aaea5_SNEAKERS_9.jpg','\C_972aea83-2a09-4f91-8fa5-29bc549aaea5_SNEAKERS_9.jpg',to_date('20/12/30','RR/MM/DD'));
Insert into HKL.PRODUCT (PRODUCT_CODE,PRODUCT_NAME,PRODUCT_BRAND,PRODUCT_PRICE,PRODUCT_TYPE,PRODUCT_IMGPATH,PRODUCT_IMG,PRODUCT_THUMBNAIL,PRODUCT_CONTENT,PRODUCT_REGDATE) values ('AA0333','ML703BC','뉴발란스',50000,33,'\resources\product\2020\12\30','\M_d840c3fc-19be-47cf-81be-c669be641c9d_SNEAKERS_8.jpg','\S_d840c3fc-19be-47cf-81be-c669be641c9d_SNEAKERS_8.jpg','\C_d840c3fc-19be-47cf-81be-c669be641c9d_SNEAKERS_8.jpg',to_date('20/12/30','RR/MM/DD'));
Insert into HKL.PRODUCT (PRODUCT_CODE,PRODUCT_NAME,PRODUCT_BRAND,PRODUCT_PRICE,PRODUCT_TYPE,PRODUCT_IMGPATH,PRODUCT_IMG,PRODUCT_THUMBNAIL,PRODUCT_CONTENT,PRODUCT_REGDATE) values ('AA0433','ML703CLB','뉴발란스',50000,33,'\resources\product\2020\12\30','\M_fc153f3d-ee31-4f34-be60-c935e1003ff1_SNEAKERS_1.jpg','\S_fc153f3d-ee31-4f34-be60-c935e1003ff1_SNEAKERS_1.jpg','\C_fc153f3d-ee31-4f34-be60-c935e1003ff1_SNEAKERS_1.jpg',to_date('20/12/30','RR/MM/DD'));
Insert into HKL.PRODUCT (PRODUCT_CODE,PRODUCT_NAME,PRODUCT_BRAND,PRODUCT_PRICE,PRODUCT_TYPE,PRODUCT_IMGPATH,PRODUCT_IMG,PRODUCT_THUMBNAIL,PRODUCT_CONTENT,PRODUCT_REGDATE) values ('AA0533','ML801BEC','뉴발란스',50000,33,'\resources\product\2020\12\30','\M_38b05217-1b76-49fd-b07d-6eaf7c1b75b8_SNEAKERS_12.jpg','\S_38b05217-1b76-49fd-b07d-6eaf7c1b75b8_SNEAKERS_12.jpg','\C_38b05217-1b76-49fd-b07d-6eaf7c1b75b8_SNEAKERS_12.jpg',to_date('20/12/30','RR/MM/DD'));
Insert into HKL.PRODUCT (PRODUCT_CODE,PRODUCT_NAME,PRODUCT_BRAND,PRODUCT_PRICE,PRODUCT_TYPE,PRODUCT_IMGPATH,PRODUCT_IMG,PRODUCT_THUMBNAIL,PRODUCT_CONTENT,PRODUCT_REGDATE) values ('AA0633','마운틴 600 - 인슐레이티드','대너',50000,33,'\resources\product\2020\12\30','\M_29d39466-ca45-4d92-95ce-e9c462de4d90_SNEAKERS_16.jpg','\S_29d39466-ca45-4d92-95ce-e9c462de4d90_SNEAKERS_16.jpg','\C_29d39466-ca45-4d92-95ce-e9c462de4d90_SNEAKERS_16.jpg',to_date('20/12/30','RR/MM/DD'));
Insert into HKL.PRODUCT (PRODUCT_CODE,PRODUCT_NAME,PRODUCT_BRAND,PRODUCT_PRICE,PRODUCT_TYPE,PRODUCT_IMGPATH,PRODUCT_IMG,PRODUCT_THUMBNAIL,PRODUCT_CONTENT,PRODUCT_REGDATE) values ('AA0733','아드리카 하이커 울','대너',50000,33,'\resources\product\2020\12\30','\M_38eb6cf7-65e8-42cc-a8fa-b5333c1b48a0_SNEAKERS_26.jpg','\S_38eb6cf7-65e8-42cc-a8fa-b5333c1b48a0_SNEAKERS_26.jpg','\C_38eb6cf7-65e8-42cc-a8fa-b5333c1b48a0_SNEAKERS_26.jpg',to_date('20/12/30','RR/MM/DD'));
Insert into HKL.PRODUCT (PRODUCT_CODE,PRODUCT_NAME,PRODUCT_BRAND,PRODUCT_PRICE,PRODUCT_TYPE,PRODUCT_IMGPATH,PRODUCT_IMG,PRODUCT_THUMBNAIL,PRODUCT_CONTENT,PRODUCT_REGDATE) values ('AA0833','트레일 2650','대너',50000,33,'\resources\product\2020\12\30','\M_2da07f4c-a25b-4c49-8c1c-95959f9f5039_SNEAKERS_14.jpg','\S_2da07f4c-a25b-4c49-8c1c-95959f9f5039_SNEAKERS_14.jpg','\C_2da07f4c-a25b-4c49-8c1c-95959f9f5039_SNEAKERS_14.jpg',to_date('20/12/30','RR/MM/DD'));
Insert into HKL.PRODUCT (PRODUCT_CODE,PRODUCT_NAME,PRODUCT_BRAND,PRODUCT_PRICE,PRODUCT_TYPE,PRODUCT_IMGPATH,PRODUCT_IMG,PRODUCT_THUMBNAIL,PRODUCT_CONTENT,PRODUCT_REGDATE) values ('AA0933','트레일 2650 3','대너',50000,33,'\resources\product\2020\12\30','\M_19e122a3-d49a-404e-bd16-c5a11bcc0dde_SNEAKERS_21.jpg','\S_19e122a3-d49a-404e-bd16-c5a11bcc0dde_SNEAKERS_21.jpg','\C_19e122a3-d49a-404e-bd16-c5a11bcc0dde_SNEAKERS_21.jpg',to_date('20/12/30','RR/MM/DD'));
Insert into HKL.PRODUCT (PRODUCT_CODE,PRODUCT_NAME,PRODUCT_BRAND,PRODUCT_PRICE,PRODUCT_TYPE,PRODUCT_IMGPATH,PRODUCT_IMG,PRODUCT_THUMBNAIL,PRODUCT_CONTENT,PRODUCT_REGDATE) values ('AA1033','트레일 2650 메쉬 고어텍스','대너',50000,33,'\resources\product\2020\12\30','\M_0088c391-b133-41de-8689-678b05efcca1_SNEAKERS_4.jpg','\S_0088c391-b133-41de-8689-678b05efcca1_SNEAKERS_4.jpg','\C_0088c391-b133-41de-8689-678b05efcca1_SNEAKERS_4.jpg',to_date('20/12/30','RR/MM/DD'));
Insert into HKL.PRODUCT (PRODUCT_CODE,PRODUCT_NAME,PRODUCT_BRAND,PRODUCT_PRICE,PRODUCT_TYPE,PRODUCT_IMGPATH,PRODUCT_IMG,PRODUCT_THUMBNAIL,PRODUCT_CONTENT,PRODUCT_REGDATE) values ('AA1133','파워스 트레이너 엘오','대너',50000,33,'\resources\product\2020\12\30','\M_233801ac-a09e-4cf3-8b84-3d1b10135908_SNEAKERS_10.jpg','\S_233801ac-a09e-4cf3-8b84-3d1b10135908_SNEAKERS_10.jpg','\C_233801ac-a09e-4cf3-8b84-3d1b10135908_SNEAKERS_10.jpg',to_date('20/12/30','RR/MM/DD'));
Insert into HKL.PRODUCT (PRODUCT_CODE,PRODUCT_NAME,PRODUCT_BRAND,PRODUCT_PRICE,PRODUCT_TYPE,PRODUCT_IMGPATH,PRODUCT_IMG,PRODUCT_THUMBNAIL,PRODUCT_CONTENT,PRODUCT_REGDATE) values ('AA1233','버사폼 익스커션 TR13','써코니',50000,33,'\resources\product\2020\12\30','\M_951b8e91-24e2-4fae-8787-5b69a9ee0107_SNEAKERS_18.jpg','\S_951b8e91-24e2-4fae-8787-5b69a9ee0107_SNEAKERS_18.jpg','\C_951b8e91-24e2-4fae-8787-5b69a9ee0107_SNEAKERS_18.jpg',to_date('20/12/30','RR/MM/DD'));
Insert into HKL.PRODUCT (PRODUCT_CODE,PRODUCT_NAME,PRODUCT_BRAND,PRODUCT_PRICE,PRODUCT_TYPE,PRODUCT_IMGPATH,PRODUCT_IMG,PRODUCT_THUMBNAIL,PRODUCT_CONTENT,PRODUCT_REGDATE) values ('AA1333','익스커션 티알 11','써코니',50000,33,'\resources\product\2020\12\30','\M_b535067b-55bf-49b8-8e42-236e00b682a2_SNEAKERS_31.jpg','\S_b535067b-55bf-49b8-8e42-236e00b682a2_SNEAKERS_31.jpg','\C_b535067b-55bf-49b8-8e42-236e00b682a2_SNEAKERS_31.jpg',to_date('20/12/30','RR/MM/DD'));
Insert into HKL.PRODUCT (PRODUCT_CODE,PRODUCT_NAME,PRODUCT_BRAND,PRODUCT_PRICE,PRODUCT_TYPE,PRODUCT_IMGPATH,PRODUCT_IMG,PRODUCT_THUMBNAIL,PRODUCT_CONTENT,PRODUCT_REGDATE) values ('AA1433','페러그랜 10','써코니',50000,33,'\resources\product\2020\12\30','\M_cdee0d1d-b47f-43f8-b084-2fce7e30b6b9_SNEAKERS_7.jpg','\S_cdee0d1d-b47f-43f8-b084-2fce7e30b6b9_SNEAKERS_7.jpg','\C_cdee0d1d-b47f-43f8-b084-2fce7e30b6b9_SNEAKERS_7.jpg',to_date('20/12/30','RR/MM/DD'));
Insert into HKL.PRODUCT (PRODUCT_CODE,PRODUCT_NAME,PRODUCT_BRAND,PRODUCT_PRICE,PRODUCT_TYPE,PRODUCT_IMGPATH,PRODUCT_IMG,PRODUCT_THUMBNAIL,PRODUCT_CONTENT,PRODUCT_REGDATE) values ('AA0172','샤포 5','누오보',100000,72,'\resources\product\2020\12\30','\M_fb5f52c1-c966-497f-ac26-4febbe37a2a1_SNEAKERS_27.jpg','\S_fb5f52c1-c966-497f-ac26-4febbe37a2a1_SNEAKERS_27.jpg','\C_fb5f52c1-c966-497f-ac26-4febbe37a2a1_SNEAKERS_27.jpg',to_date('20/12/30','RR/MM/DD'));
Insert into HKL.PRODUCT (PRODUCT_CODE,PRODUCT_NAME,PRODUCT_BRAND,PRODUCT_PRICE,PRODUCT_TYPE,PRODUCT_IMGPATH,PRODUCT_IMG,PRODUCT_THUMBNAIL,PRODUCT_CONTENT,PRODUCT_REGDATE) values ('AA0272','1460','닥터마틴',100000,72,'\resources\product\2020\12\30','\M_db904584-61c2-4a11-8104-bee9b6a00462_SNEAKERS_4.jpg','\S_db904584-61c2-4a11-8104-bee9b6a00462_SNEAKERS_4.jpg','\C_db904584-61c2-4a11-8104-bee9b6a00462_SNEAKERS_4.jpg',to_date('20/12/30','RR/MM/DD'));
Insert into HKL.PRODUCT (PRODUCT_CODE,PRODUCT_NAME,PRODUCT_BRAND,PRODUCT_PRICE,PRODUCT_TYPE,PRODUCT_IMGPATH,PRODUCT_IMG,PRODUCT_THUMBNAIL,PRODUCT_CONTENT,PRODUCT_REGDATE) values ('AA0372','버티고 917','대너',100000,72,'\resources\product\2020\12\30','\M_43b947f7-6d5c-4d6d-a3bd-d5a3ff78a38e_SNEAKERS_28.jpg','\S_43b947f7-6d5c-4d6d-a3bd-d5a3ff78a38e_SNEAKERS_28.jpg','\C_43b947f7-6d5c-4d6d-a3bd-d5a3ff78a38e_SNEAKERS_28.jpg',to_date('20/12/30','RR/MM/DD'));
Insert into HKL.PRODUCT (PRODUCT_CODE,PRODUCT_NAME,PRODUCT_BRAND,PRODUCT_PRICE,PRODUCT_TYPE,PRODUCT_IMGPATH,PRODUCT_IMG,PRODUCT_THUMBNAIL,PRODUCT_CONTENT,PRODUCT_REGDATE) values ('AA0472','마그나','반스',100000,72,'\resources\product\2020\12\30','\M_3fec0c80-1cd7-49a8-8d34-ba712919d2cd_SNEAKERS_2.jpg','\S_3fec0c80-1cd7-49a8-8d34-ba712919d2cd_SNEAKERS_2.jpg','\C_3fec0c80-1cd7-49a8-8d34-ba712919d2cd_SNEAKERS_2.jpg',to_date('20/12/30','RR/MM/DD'));
Insert into HKL.PRODUCT (PRODUCT_CODE,PRODUCT_NAME,PRODUCT_BRAND,PRODUCT_PRICE,PRODUCT_TYPE,PRODUCT_IMGPATH,PRODUCT_IMG,PRODUCT_THUMBNAIL,PRODUCT_CONTENT,PRODUCT_REGDATE) values ('AA0572','브레켄리지','반스',100000,72,'\resources\product\2020\12\30','\M_b17f14c4-e40f-4a1c-8754-2e64c8425820_SNEAKERS_6.jpg','\S_b17f14c4-e40f-4a1c-8754-2e64c8425820_SNEAKERS_6.jpg','\C_b17f14c4-e40f-4a1c-8754-2e64c8425820_SNEAKERS_6.jpg',to_date('20/12/30','RR/MM/DD'));
Insert into HKL.PRODUCT (PRODUCT_CODE,PRODUCT_NAME,PRODUCT_BRAND,PRODUCT_PRICE,PRODUCT_TYPE,PRODUCT_IMGPATH,PRODUCT_IMG,PRODUCT_THUMBNAIL,PRODUCT_CONTENT,PRODUCT_REGDATE) values ('AA0672','워커 비','반스',100000,72,'\resources\product\2020\12\30','\M_1fd3f5ff-7f3d-4a23-89d0-d5a21d9ed88b_SNEAKERS_22.jpg','\S_1fd3f5ff-7f3d-4a23-89d0-d5a21d9ed88b_SNEAKERS_22.jpg','\C_1fd3f5ff-7f3d-4a23-89d0-d5a21d9ed88b_SNEAKERS_22.jpg',to_date('20/12/30','RR/MM/DD'));
Insert into HKL.PRODUCT (PRODUCT_CODE,PRODUCT_NAME,PRODUCT_BRAND,PRODUCT_PRICE,PRODUCT_TYPE,PRODUCT_IMGPATH,PRODUCT_IMG,PRODUCT_THUMBNAIL,PRODUCT_CONTENT,PRODUCT_REGDATE) values ('AA0772','첼시부츠','스테파노로시',100000,72,'\resources\product\2020\12\30','\M_952bdae3-60bf-45ec-84ab-e8c9d8f98aa6_SNEAKERS_12.jpg','\S_952bdae3-60bf-45ec-84ab-e8c9d8f98aa6_SNEAKERS_12.jpg','\C_952bdae3-60bf-45ec-84ab-e8c9d8f98aa6_SNEAKERS_12.jpg',to_date('20/12/30','RR/MM/DD'));
Insert into HKL.PRODUCT (PRODUCT_CODE,PRODUCT_NAME,PRODUCT_BRAND,PRODUCT_PRICE,PRODUCT_TYPE,PRODUCT_IMGPATH,PRODUCT_IMG,PRODUCT_THUMBNAIL,PRODUCT_CONTENT,PRODUCT_REGDATE) values ('AA0872','골드 크레페 첼시 스웨이드','스페리',100000,72,'\resources\product\2020\12\30','\M_31fe9fa1-0a3d-43c5-bf8c-7b80d8dc5eca_SNEAKERS_14.jpg','\S_31fe9fa1-0a3d-43c5-bf8c-7b80d8dc5eca_SNEAKERS_14.jpg','\C_31fe9fa1-0a3d-43c5-bf8c-7b80d8dc5eca_SNEAKERS_14.jpg',to_date('20/12/30','RR/MM/DD'));
Insert into HKL.PRODUCT (PRODUCT_CODE,PRODUCT_NAME,PRODUCT_BRAND,PRODUCT_PRICE,PRODUCT_TYPE,PRODUCT_IMGPATH,PRODUCT_IMG,PRODUCT_THUMBNAIL,PRODUCT_CONTENT,PRODUCT_REGDATE) values ('AA0972','6인치 프리미엄 부츠','팀버랜드',100000,72,'\resources\product\2020\12\30','\M_4fec7d04-389e-4cd9-a00f-7d24dbb34640_SNEAKERS_3.jpg','\S_4fec7d04-389e-4cd9-a00f-7d24dbb34640_SNEAKERS_3.jpg','\C_4fec7d04-389e-4cd9-a00f-7d24dbb34640_SNEAKERS_3.jpg',to_date('20/12/30','RR/MM/DD'));
Insert into HKL.PRODUCT (PRODUCT_CODE,PRODUCT_NAME,PRODUCT_BRAND,PRODUCT_PRICE,PRODUCT_TYPE,PRODUCT_IMGPATH,PRODUCT_IMG,PRODUCT_THUMBNAIL,PRODUCT_CONTENT,PRODUCT_REGDATE) values ('AA1072','4인치 플레인','호킨스',100000,72,'\resources\product\2020\12\30','\M_3bb6882b-72cd-4673-a9a6-3bb077259e54_SNEAKERS_9.jpg','\S_3bb6882b-72cd-4673-a9a6-3bb077259e54_SNEAKERS_9.jpg','\C_3bb6882b-72cd-4673-a9a6-3bb077259e54_SNEAKERS_9.jpg',to_date('20/12/30','RR/MM/DD'));
Insert into HKL.PRODUCT (PRODUCT_CODE,PRODUCT_NAME,PRODUCT_BRAND,PRODUCT_PRICE,PRODUCT_TYPE,PRODUCT_IMGPATH,PRODUCT_IMG,PRODUCT_THUMBNAIL,PRODUCT_CONTENT,PRODUCT_REGDATE) values ('AA1172','6인치','호킨스',100000,72,'\resources\product\2020\12\30','\M_a5bc86f5-8102-4dca-9261-e55c670abad0_SNEAKERS_8.jpg','\S_a5bc86f5-8102-4dca-9261-e55c670abad0_SNEAKERS_8.jpg','\C_a5bc86f5-8102-4dca-9261-e55c670abad0_SNEAKERS_8.jpg',to_date('20/12/30','RR/MM/DD'));
Insert into HKL.PRODUCT (PRODUCT_CODE,PRODUCT_NAME,PRODUCT_BRAND,PRODUCT_PRICE,PRODUCT_TYPE,PRODUCT_IMGPATH,PRODUCT_IMG,PRODUCT_THUMBNAIL,PRODUCT_CONTENT,PRODUCT_REGDATE) values ('AA1272','6인치 레이스 토 러그','호킨스',100000,72,'\resources\product\2020\12\30','\M_4e4c40de-c6c9-4d93-8fb6-c435a34f0c12_SNEAKERS_15.jpg','\S_4e4c40de-c6c9-4d93-8fb6-c435a34f0c12_SNEAKERS_15.jpg','\C_4e4c40de-c6c9-4d93-8fb6-c435a34f0c12_SNEAKERS_15.jpg',to_date('20/12/30','RR/MM/DD'));
Insert into HKL.PRODUCT (PRODUCT_CODE,PRODUCT_NAME,PRODUCT_BRAND,PRODUCT_PRICE,PRODUCT_TYPE,PRODUCT_IMGPATH,PRODUCT_IMG,PRODUCT_THUMBNAIL,PRODUCT_CONTENT,PRODUCT_REGDATE) values ('AA1372','샤론 레이스','호킨스',100000,72,'\resources\product\2020\12\30','\M_8103cb6a-d3cf-481c-8109-075596131b89_SNEAKERS_32.jpg','\S_8103cb6a-d3cf-481c-8109-075596131b89_SNEAKERS_32.jpg','\C_8103cb6a-d3cf-481c-8109-075596131b89_SNEAKERS_32.jpg',to_date('20/12/30','RR/MM/DD'));
Insert into HKL.PRODUCT (PRODUCT_CODE,PRODUCT_NAME,PRODUCT_BRAND,PRODUCT_PRICE,PRODUCT_TYPE,PRODUCT_IMGPATH,PRODUCT_IMG,PRODUCT_THUMBNAIL,PRODUCT_CONTENT,PRODUCT_REGDATE) values ('AA1472','샤론 첼시','호킨스',100000,72,'\resources\product\2020\12\30','\M_38b94c28-46a2-4ffc-a0d2-b7a3bfaaef57_SNEAKERS_21.jpg','\S_38b94c28-46a2-4ffc-a0d2-b7a3bfaaef57_SNEAKERS_21.jpg','\C_38b94c28-46a2-4ffc-a0d2-b7a3bfaaef57_SNEAKERS_21.jpg',to_date('20/12/30','RR/MM/DD'));
Insert into HKL.PRODUCT (PRODUCT_CODE,PRODUCT_NAME,PRODUCT_BRAND,PRODUCT_PRICE,PRODUCT_TYPE,PRODUCT_IMGPATH,PRODUCT_IMG,PRODUCT_THUMBNAIL,PRODUCT_CONTENT,PRODUCT_REGDATE) values ('AA1572','스와트 하이','호킨스',100000,72,'\resources\product\2020\12\30','\M_f54fa47d-b773-40a9-96c4-db2e1b061d0e_SNEAKERS_1.jpg','\S_f54fa47d-b773-40a9-96c4-db2e1b061d0e_SNEAKERS_1.jpg','\C_f54fa47d-b773-40a9-96c4-db2e1b061d0e_SNEAKERS_1.jpg',to_date('20/12/30','RR/MM/DD'));
Insert into HKL.PRODUCT (PRODUCT_CODE,PRODUCT_NAME,PRODUCT_BRAND,PRODUCT_PRICE,PRODUCT_TYPE,PRODUCT_IMGPATH,PRODUCT_IMG,PRODUCT_THUMBNAIL,PRODUCT_CONTENT,PRODUCT_REGDATE) values ('AA1672','스폰사','호킨스',100000,72,'\resources\product\2020\12\30','\M_334ad5b5-776e-4ed2-9ee6-ac594fe6e1d9_SNEAKERS_16.jpg','\S_334ad5b5-776e-4ed2-9ee6-ac594fe6e1d9_SNEAKERS_16.jpg','\C_334ad5b5-776e-4ed2-9ee6-ac594fe6e1d9_SNEAKERS_16.jpg',to_date('20/12/30','RR/MM/DD'));
Insert into HKL.PRODUCT (PRODUCT_CODE,PRODUCT_NAME,PRODUCT_BRAND,PRODUCT_PRICE,PRODUCT_TYPE,PRODUCT_IMGPATH,PRODUCT_IMG,PRODUCT_THUMBNAIL,PRODUCT_CONTENT,PRODUCT_REGDATE) values ('AA1772','에스-팁 부츠','호킨스',100000,72,'\resources\product\2020\12\30','\M_b99b1166-b5f9-4e5d-b48e-51e30ad86ae3_SNEAKERS_19.jpg','\S_b99b1166-b5f9-4e5d-b48e-51e30ad86ae3_SNEAKERS_19.jpg','\C_b99b1166-b5f9-4e5d-b48e-51e30ad86ae3_SNEAKERS_19.jpg',to_date('20/12/30','RR/MM/DD'));
Insert into HKL.PRODUCT (PRODUCT_CODE,PRODUCT_NAME,PRODUCT_BRAND,PRODUCT_PRICE,PRODUCT_TYPE,PRODUCT_IMGPATH,PRODUCT_IMG,PRODUCT_THUMBNAIL,PRODUCT_CONTENT,PRODUCT_REGDATE) values ('AA1872','옥스포드','호킨스',100000,72,'\resources\product\2020\12\30','\M_12f6352b-b79e-453b-8dbe-ae47222a11ec_SNEAKERS_10.jpg','\S_12f6352b-b79e-453b-8dbe-ae47222a11ec_SNEAKERS_10.jpg','\C_12f6352b-b79e-453b-8dbe-ae47222a11ec_SNEAKERS_10.jpg',to_date('20/12/30','RR/MM/DD'));
Insert into HKL.PRODUCT (PRODUCT_CODE,PRODUCT_NAME,PRODUCT_BRAND,PRODUCT_PRICE,PRODUCT_TYPE,PRODUCT_IMGPATH,PRODUCT_IMG,PRODUCT_THUMBNAIL,PRODUCT_CONTENT,PRODUCT_REGDATE) values ('AA1972','코필드','호킨스',100000,72,'\resources\product\2020\12\30','\M_99e5a6a4-988a-4415-8578-88c1b91a0654_SNEAKERS_13.jpg','\S_99e5a6a4-988a-4415-8578-88c1b91a0654_SNEAKERS_13.jpg','\C_99e5a6a4-988a-4415-8578-88c1b91a0654_SNEAKERS_13.jpg',to_date('20/12/30','RR/MM/DD'));
Insert into HKL.PRODUCT (PRODUCT_CODE,PRODUCT_NAME,PRODUCT_BRAND,PRODUCT_PRICE,PRODUCT_TYPE,PRODUCT_IMGPATH,PRODUCT_IMG,PRODUCT_THUMBNAIL,PRODUCT_CONTENT,PRODUCT_REGDATE) values ('AA2072','콘소시아','호킨스',100000,72,'\resources\product\2020\12\30','\M_92d6f402-3ffe-4920-8bf4-0369805b3e95_SNEAKERS_5.jpg','\S_92d6f402-3ffe-4920-8bf4-0369805b3e95_SNEAKERS_5.jpg','\C_92d6f402-3ffe-4920-8bf4-0369805b3e95_SNEAKERS_5.jpg',to_date('20/12/30','RR/MM/DD'));
Insert into HKL.PRODUCT (PRODUCT_CODE,PRODUCT_NAME,PRODUCT_BRAND,PRODUCT_PRICE,PRODUCT_TYPE,PRODUCT_IMGPATH,PRODUCT_IMG,PRODUCT_THUMBNAIL,PRODUCT_CONTENT,PRODUCT_REGDATE) values ('AA2172','킹 스키너','호킨스',100000,72,'\resources\product\2020\12\30','\M_046fd52a-4d8a-456b-b1d2-b1d493b6a084_SNEAKERS_7.jpg','\S_046fd52a-4d8a-456b-b1d2-b1d493b6a084_SNEAKERS_7.jpg','\C_046fd52a-4d8a-456b-b1d2-b1d493b6a084_SNEAKERS_7.jpg',to_date('20/12/30','RR/MM/DD'));
Insert into HKL.PRODUCT (PRODUCT_CODE,PRODUCT_NAME,PRODUCT_BRAND,PRODUCT_PRICE,PRODUCT_TYPE,PRODUCT_IMGPATH,PRODUCT_IMG,PRODUCT_THUMBNAIL,PRODUCT_CONTENT,PRODUCT_REGDATE) values ('AA2272','플레인 지퍼 부츠','호킨스',100000,72,'\resources\product\2020\12\30','\M_14335f71-bc18-4311-8652-16a306d60704_SNEAKERS_24.jpg','\S_14335f71-bc18-4311-8652-16a306d60704_SNEAKERS_24.jpg','\C_14335f71-bc18-4311-8652-16a306d60704_SNEAKERS_24.jpg',to_date('20/12/30','RR/MM/DD'));
Insert into HKL.PRODUCT (PRODUCT_CODE,PRODUCT_NAME,PRODUCT_BRAND,PRODUCT_PRICE,PRODUCT_TYPE,PRODUCT_IMGPATH,PRODUCT_IMG,PRODUCT_THUMBNAIL,PRODUCT_CONTENT,PRODUCT_REGDATE) values ('AA0171','탄준 하이','나이키',100000,71,'\resources\product\2020\12\30','\M_c88ca884-5d85-4ec8-ae6d-5481971512c7_SNEAKERS_33.jpg','\S_c88ca884-5d85-4ec8-ae6d-5481971512c7_SNEAKERS_33.jpg','\C_c88ca884-5d85-4ec8-ae6d-5481971512c7_SNEAKERS_33.jpg',to_date('20/12/30','RR/MM/DD'));
Insert into HKL.PRODUCT (PRODUCT_CODE,PRODUCT_NAME,PRODUCT_BRAND,PRODUCT_PRICE,PRODUCT_TYPE,PRODUCT_IMGPATH,PRODUCT_IMG,PRODUCT_THUMBNAIL,PRODUCT_CONTENT,PRODUCT_REGDATE) values ('AA0271','라베가 4','누오보',100000,71,'\resources\product\2020\12\30','\M_cf2aa86f-bb26-47c5-a42e-67c88021c15c_SNEAKERS_24.jpg','\S_cf2aa86f-bb26-47c5-a42e-67c88021c15c_SNEAKERS_24.jpg','\C_cf2aa86f-bb26-47c5-a42e-67c88021c15c_SNEAKERS_24.jpg',to_date('20/12/30','RR/MM/DD'));
Insert into HKL.PRODUCT (PRODUCT_CODE,PRODUCT_NAME,PRODUCT_BRAND,PRODUCT_PRICE,PRODUCT_TYPE,PRODUCT_IMGPATH,PRODUCT_IMG,PRODUCT_THUMBNAIL,PRODUCT_CONTENT,PRODUCT_REGDATE) values ('AA0371','랜더 4','누오보',100000,71,'\resources\product\2020\12\30','\M_f5b64b7b-6b70-424e-85d0-c707bf8d18cf_SNEAKERS_26.jpg','\S_f5b64b7b-6b70-424e-85d0-c707bf8d18cf_SNEAKERS_26.jpg','\C_f5b64b7b-6b70-424e-85d0-c707bf8d18cf_SNEAKERS_26.jpg',to_date('20/12/30','RR/MM/DD'));
Insert into HKL.PRODUCT (PRODUCT_CODE,PRODUCT_NAME,PRODUCT_BRAND,PRODUCT_PRICE,PRODUCT_TYPE,PRODUCT_IMGPATH,PRODUCT_IMG,PRODUCT_THUMBNAIL,PRODUCT_CONTENT,PRODUCT_REGDATE) values ('AA0471','쿠바스 4','누오보',100000,71,'\resources\product\2020\12\30','\M_43aa8328-6306-431f-aa61-f34898d09dcd_SNEAKERS_21.jpg','\S_43aa8328-6306-431f-aa61-f34898d09dcd_SNEAKERS_21.jpg','\C_43aa8328-6306-431f-aa61-f34898d09dcd_SNEAKERS_21.jpg',to_date('20/12/30','RR/MM/DD'));
Insert into HKL.PRODUCT (PRODUCT_CODE,PRODUCT_NAME,PRODUCT_BRAND,PRODUCT_PRICE,PRODUCT_TYPE,PRODUCT_IMGPATH,PRODUCT_IMG,PRODUCT_THUMBNAIL,PRODUCT_CONTENT,PRODUCT_REGDATE) values ('AA0571','2976 레오노','닥터마틴',100000,71,'\resources\product\2020\12\30','\M_a10af6a1-b638-4dc2-bf96-e1d16f91148a_SNEAKERS_30.jpg','\S_a10af6a1-b638-4dc2-bf96-e1d16f91148a_SNEAKERS_30.jpg','\C_a10af6a1-b638-4dc2-bf96-e1d16f91148a_SNEAKERS_30.jpg',to_date('20/12/30','RR/MM/DD'));
Insert into HKL.PRODUCT (PRODUCT_CODE,PRODUCT_NAME,PRODUCT_BRAND,PRODUCT_PRICE,PRODUCT_TYPE,PRODUCT_IMGPATH,PRODUCT_IMG,PRODUCT_THUMBNAIL,PRODUCT_CONTENT,PRODUCT_REGDATE) values ('AA0671','로이','베어파우',100000,71,'\resources\product\2020\12\30','\M_04511a6e-2f77-4eef-8a20-acb365b1de95_SNEAKERS_36.jpg','\S_04511a6e-2f77-4eef-8a20-acb365b1de95_SNEAKERS_36.jpg','\C_04511a6e-2f77-4eef-8a20-acb365b1de95_SNEAKERS_36.jpg',to_date('20/12/30','RR/MM/DD'));
Insert into HKL.PRODUCT (PRODUCT_CODE,PRODUCT_NAME,PRODUCT_BRAND,PRODUCT_PRICE,PRODUCT_TYPE,PRODUCT_IMGPATH,PRODUCT_IMG,PRODUCT_THUMBNAIL,PRODUCT_CONTENT,PRODUCT_REGDATE) values ('AA0771','글리츠 글램 부츠','스케쳐스',100000,71,'\resources\product\2020\12\30','\M_1609ec84-5c38-4682-b13f-05fa44e595ac_SNEAKERS_28.jpg','\S_1609ec84-5c38-4682-b13f-05fa44e595ac_SNEAKERS_28.jpg','\C_1609ec84-5c38-4682-b13f-05fa44e595ac_SNEAKERS_28.jpg',to_date('20/12/30','RR/MM/DD'));
Insert into HKL.PRODUCT (PRODUCT_CODE,PRODUCT_NAME,PRODUCT_BRAND,PRODUCT_PRICE,PRODUCT_TYPE,PRODUCT_IMGPATH,PRODUCT_IMG,PRODUCT_THUMBNAIL,PRODUCT_CONTENT,PRODUCT_REGDATE) values ('AA0871','고슬링 쇼티','스페리',100000,71,'\resources\product\2020\12\30','\M_75796e87-6518-4ae5-b22e-331d5409848c_SNEAKERS_39.jpg','\S_75796e87-6518-4ae5-b22e-331d5409848c_SNEAKERS_39.jpg','\C_75796e87-6518-4ae5-b22e-331d5409848c_SNEAKERS_39.jpg',to_date('20/12/30','RR/MM/DD'));
Insert into HKL.PRODUCT (PRODUCT_CODE,PRODUCT_NAME,PRODUCT_BRAND,PRODUCT_PRICE,PRODUCT_TYPE,PRODUCT_IMGPATH,PRODUCT_IMG,PRODUCT_THUMBNAIL,PRODUCT_CONTENT,PRODUCT_REGDATE) values ('AA0971','슈퍼스타 윈터3R 컴포트 인펀트','아디다스',100000,71,'\resources\product\2020\12\30','\M_770aa8df-a7ce-4fa0-8049-f1615f25b227_SNEAKERS_31.jpg','\S_770aa8df-a7ce-4fa0-8049-f1615f25b227_SNEAKERS_31.jpg','\C_770aa8df-a7ce-4fa0-8049-f1615f25b227_SNEAKERS_31.jpg',to_date('20/12/30','RR/MM/DD'));
Insert into HKL.PRODUCT (PRODUCT_CODE,PRODUCT_NAME,PRODUCT_BRAND,PRODUCT_PRICE,PRODUCT_TYPE,PRODUCT_IMGPATH,PRODUCT_IMG,PRODUCT_THUMBNAIL,PRODUCT_CONTENT,PRODUCT_REGDATE) values ('AA1071','스니커 하이','호킨스',100000,71,'\resources\product\2020\12\30','\M_ae1e48ca-bd86-4c37-83a2-5760f730425c_SNEAKERS_37.jpg','\S_ae1e48ca-bd86-4c37-83a2-5760f730425c_SNEAKERS_37.jpg','\C_ae1e48ca-bd86-4c37-83a2-5760f730425c_SNEAKERS_37.jpg',to_date('20/12/30','RR/MM/DD'));
Insert into HKL.PRODUCT (PRODUCT_CODE,PRODUCT_NAME,PRODUCT_BRAND,PRODUCT_PRICE,PRODUCT_TYPE,PRODUCT_IMGPATH,PRODUCT_IMG,PRODUCT_THUMBNAIL,PRODUCT_CONTENT,PRODUCT_REGDATE) values ('AA1171','핀리','호킨스',100000,71,'\resources\product\2020\12\30','\M_9fadf329-c640-4978-b9fd-9403131e49ff_SNEAKERS_22.jpg','\S_9fadf329-c640-4978-b9fd-9403131e49ff_SNEAKERS_22.jpg','\C_9fadf329-c640-4978-b9fd-9403131e49ff_SNEAKERS_22.jpg',to_date('20/12/30','RR/MM/DD'));
Insert into HKL.PRODUCT (PRODUCT_CODE,PRODUCT_NAME,PRODUCT_BRAND,PRODUCT_PRICE,PRODUCT_TYPE,PRODUCT_IMGPATH,PRODUCT_IMG,PRODUCT_THUMBNAIL,PRODUCT_CONTENT,PRODUCT_REGDATE) values ('AA0173','WR-보아','노오보',100000,73,'\resources\product\2020\12\30','\M_8aa0dcb2-12c7-4cb9-99ec-916d55e5767c_SNEAKERS_8.jpg','\S_8aa0dcb2-12c7-4cb9-99ec-916d55e5767c_SNEAKERS_8.jpg','\C_8aa0dcb2-12c7-4cb9-99ec-916d55e5767c_SNEAKERS_8.jpg',to_date('20/12/30','RR/MM/DD'));
Insert into HKL.PRODUCT (PRODUCT_CODE,PRODUCT_NAME,PRODUCT_BRAND,PRODUCT_PRICE,PRODUCT_TYPE,PRODUCT_IMGPATH,PRODUCT_IMG,PRODUCT_THUMBNAIL,PRODUCT_CONTENT,PRODUCT_REGDATE) values ('AA0273','보아 SHT 인힐 2.5','누오보',100000,73,'\resources\product\2020\12\30','\M_ba8d4380-28f8-4fd1-b53f-f0dd61ee9be8_SNEAKERS_10.jpg','\S_ba8d4380-28f8-4fd1-b53f-f0dd61ee9be8_SNEAKERS_10.jpg','\C_ba8d4380-28f8-4fd1-b53f-f0dd61ee9be8_SNEAKERS_10.jpg',to_date('20/12/30','RR/MM/DD'));
Insert into HKL.PRODUCT (PRODUCT_CODE,PRODUCT_NAME,PRODUCT_BRAND,PRODUCT_PRICE,PRODUCT_TYPE,PRODUCT_IMGPATH,PRODUCT_IMG,PRODUCT_THUMBNAIL,PRODUCT_CONTENT,PRODUCT_REGDATE) values ('AA0373','스웨이드 샥스 부츠 포 키즈','레브',50000,73,'\resources\product\2020\12\30','\M_fab088b7-85ca-4f83-a922-b1feee70938b_SNEAKERS_1.jpg','\S_fab088b7-85ca-4f83-a922-b1feee70938b_SNEAKERS_1.jpg','\C_fab088b7-85ca-4f83-a922-b1feee70938b_SNEAKERS_1.jpg',to_date('20/12/30','RR/MM/DD'));
Insert into HKL.PRODUCT (PRODUCT_CODE,PRODUCT_NAME,PRODUCT_BRAND,PRODUCT_PRICE,PRODUCT_TYPE,PRODUCT_IMGPATH,PRODUCT_IMG,PRODUCT_THUMBNAIL,PRODUCT_CONTENT,PRODUCT_REGDATE) values ('AA0473','펀 레이서 부츠 AC','푸마',100000,73,'\resources\product\2020\12\30','\M_2fba3d91-2c02-43f7-89dd-f9949d6d322b_SNEAKERS_5.jpg','\S_2fba3d91-2c02-43f7-89dd-f9949d6d322b_SNEAKERS_5.jpg','\C_2fba3d91-2c02-43f7-89dd-f9949d6d322b_SNEAKERS_5.jpg',to_date('20/12/30','RR/MM/DD'));
Insert into HKL.PRODUCT (PRODUCT_CODE,PRODUCT_NAME,PRODUCT_BRAND,PRODUCT_PRICE,PRODUCT_TYPE,PRODUCT_IMGPATH,PRODUCT_IMG,PRODUCT_THUMBNAIL,PRODUCT_CONTENT,PRODUCT_REGDATE) values ('AA0573','라이트닝 부츠','호킨스',100000,73,'\resources\product\2020\12\30','\M_cf4888e7-af7d-4490-940d-91d90012f90f_SNEAKERS_2.jpg','\S_cf4888e7-af7d-4490-940d-91d90012f90f_SNEAKERS_2.jpg','\C_cf4888e7-af7d-4490-940d-91d90012f90f_SNEAKERS_2.jpg',to_date('20/12/30','RR/MM/DD'));
Insert into HKL.PRODUCT (PRODUCT_CODE,PRODUCT_NAME,PRODUCT_BRAND,PRODUCT_PRICE,PRODUCT_TYPE,PRODUCT_IMGPATH,PRODUCT_IMG,PRODUCT_THUMBNAIL,PRODUCT_CONTENT,PRODUCT_REGDATE) values ('AA0673','레코','호킨스',100000,73,'\resources\product\2020\12\30','\M_7bc86aa7-6c5a-49a6-b258-3918ff2fc8a0_SNEAKERS_19.jpg','\S_7bc86aa7-6c5a-49a6-b258-3918ff2fc8a0_SNEAKERS_19.jpg','\C_7bc86aa7-6c5a-49a6-b258-3918ff2fc8a0_SNEAKERS_19.jpg',to_date('20/12/30','RR/MM/DD'));
Insert into HKL.PRODUCT (PRODUCT_CODE,PRODUCT_NAME,PRODUCT_BRAND,PRODUCT_PRICE,PRODUCT_TYPE,PRODUCT_IMGPATH,PRODUCT_IMG,PRODUCT_THUMBNAIL,PRODUCT_CONTENT,PRODUCT_REGDATE) values ('AA0773','토비','호킨스',100000,73,'\resources\product\2020\12\30','\M_a4bf0f63-00dd-4c25-8c29-4ac7e3a5816c_SNEAKERS_6.jpg','\S_a4bf0f63-00dd-4c25-8c29-4ac7e3a5816c_SNEAKERS_6.jpg','\C_a4bf0f63-00dd-4c25-8c29-4ac7e3a5816c_SNEAKERS_6.jpg',to_date('20/12/30','RR/MM/DD'));
Insert into HKL.PRODUCT (PRODUCT_CODE,PRODUCT_NAME,PRODUCT_BRAND,PRODUCT_PRICE,PRODUCT_TYPE,PRODUCT_IMGPATH,PRODUCT_IMG,PRODUCT_THUMBNAIL,PRODUCT_CONTENT,PRODUCT_REGDATE) values ('AA0873','디스럽터 쉐어링 케이디','휠라',100000,73,'\resources\product\2020\12\30','\M_8b0c56b7-8e79-4ea1-94e6-386847853954_SNEAKERS_14.jpg','\S_8b0c56b7-8e79-4ea1-94e6-386847853954_SNEAKERS_14.jpg','\C_8b0c56b7-8e79-4ea1-94e6-386847853954_SNEAKERS_14.jpg',to_date('20/12/30','RR/MM/DD'));
Insert into HKL.PRODUCT (PRODUCT_CODE,PRODUCT_NAME,PRODUCT_BRAND,PRODUCT_PRICE,PRODUCT_TYPE,PRODUCT_IMGPATH,PRODUCT_IMG,PRODUCT_THUMBNAIL,PRODUCT_CONTENT,PRODUCT_REGDATE) values ('AA0151','로퍼','레브',50000,51,'\resources\product\2020\12\30','\M_bb562725-22e8-42c2-bd09-e23bd54ff8f8_SNEAKERS_6.jpg','\S_bb562725-22e8-42c2-bd09-e23bd54ff8f8_SNEAKERS_6.jpg','\C_bb562725-22e8-42c2-bd09-e23bd54ff8f8_SNEAKERS_6.jpg',to_date('20/12/30','RR/MM/DD'));
Insert into HKL.PRODUCT (PRODUCT_CODE,PRODUCT_NAME,PRODUCT_BRAND,PRODUCT_PRICE,PRODUCT_TYPE,PRODUCT_IMGPATH,PRODUCT_IMG,PRODUCT_THUMBNAIL,PRODUCT_CONTENT,PRODUCT_REGDATE) values ('AA0251','로퍼 포 키즈','레브',50000,51,'\resources\product\2020\12\30','\M_f21387d6-0ca6-4d09-8333-5e611ddc3394_SNEAKERS_5.jpg','\S_f21387d6-0ca6-4d09-8333-5e611ddc3394_SNEAKERS_5.jpg','\C_f21387d6-0ca6-4d09-8333-5e611ddc3394_SNEAKERS_5.jpg',to_date('20/12/30','RR/MM/DD'));
Insert into HKL.PRODUCT (PRODUCT_CODE,PRODUCT_NAME,PRODUCT_BRAND,PRODUCT_PRICE,PRODUCT_TYPE,PRODUCT_IMGPATH,PRODUCT_IMG,PRODUCT_THUMBNAIL,PRODUCT_CONTENT,PRODUCT_REGDATE) values ('AA0351','Ozoz','마크모크',50000,51,'\resources\product\2020\12\30','\M_3c422593-6a6b-437f-bc8b-540d752a5f2a_SNEAKERS_1.jpg','\S_3c422593-6a6b-437f-bc8b-540d752a5f2a_SNEAKERS_1.jpg','\C_3c422593-6a6b-437f-bc8b-540d752a5f2a_SNEAKERS_1.jpg',to_date('20/12/30','RR/MM/DD'));
Insert into HKL.PRODUCT (PRODUCT_CODE,PRODUCT_NAME,PRODUCT_BRAND,PRODUCT_PRICE,PRODUCT_TYPE,PRODUCT_IMGPATH,PRODUCT_IMG,PRODUCT_THUMBNAIL,PRODUCT_CONTENT,PRODUCT_REGDATE) values ('AA0451','Cello Suede','마크모크',50000,51,'\resources\product\2020\12\30','\M_b09655ac-4a32-4eee-bd5b-808792baf996_SNEAKERS_9.jpg','\S_b09655ac-4a32-4eee-bd5b-808792baf996_SNEAKERS_9.jpg','\C_b09655ac-4a32-4eee-bd5b-808792baf996_SNEAKERS_9.jpg',to_date('20/12/30','RR/MM/DD'));
Insert into HKL.PRODUCT (PRODUCT_CODE,PRODUCT_NAME,PRODUCT_BRAND,PRODUCT_PRICE,PRODUCT_TYPE,PRODUCT_IMGPATH,PRODUCT_IMG,PRODUCT_THUMBNAIL,PRODUCT_CONTENT,PRODUCT_REGDATE) values ('AA0551','Coa','마크모크',50000,51,'\resources\product\2020\12\30','\M_6583ac0a-acf5-4b30-8574-c54bb2ac76e2_SNEAKERS_3.jpg','\S_6583ac0a-acf5-4b30-8574-c54bb2ac76e2_SNEAKERS_3.jpg','\C_6583ac0a-acf5-4b30-8574-c54bb2ac76e2_SNEAKERS_3.jpg',to_date('20/12/30','RR/MM/DD'));
Insert into HKL.PRODUCT (PRODUCT_CODE,PRODUCT_NAME,PRODUCT_BRAND,PRODUCT_PRICE,PRODUCT_TYPE,PRODUCT_IMGPATH,PRODUCT_IMG,PRODUCT_THUMBNAIL,PRODUCT_CONTENT,PRODUCT_REGDATE) values ('AA0111','챌린저 오리지날','나이키',50000,11,'\resources\product\2020\12\29','\M_14f39acc-0acc-495a-9efb-a51cad9694ca_SNEAKERS_2.jpg','\S_14f39acc-0acc-495a-9efb-a51cad9694ca_SNEAKERS_2.jpg','\C_14f39acc-0acc-495a-9efb-a51cad9694ca_SNEAKERS_2.jpg',to_date('20/12/29','RR/MM/DD'));
Insert into HKL.PRODUCT (PRODUCT_CODE,PRODUCT_NAME,PRODUCT_BRAND,PRODUCT_PRICE,PRODUCT_TYPE,PRODUCT_IMGPATH,PRODUCT_IMG,PRODUCT_THUMBNAIL,PRODUCT_CONTENT,PRODUCT_REGDATE) values ('AA0211','에어 모나크 IV','나이키',30000,11,'\resources\product\2020\12\29','\M_132b81e5-d7d9-4615-b3ce-99cceb72c458_SNEAKERS_5.jpg','\S_132b81e5-d7d9-4615-b3ce-99cceb72c458_SNEAKERS_5.jpg','\C_132b81e5-d7d9-4615-b3ce-99cceb72c458_SNEAKERS_5.jpg',to_date('20/12/29','RR/MM/DD'));
Insert into HKL.PRODUCT (PRODUCT_CODE,PRODUCT_NAME,PRODUCT_BRAND,PRODUCT_PRICE,PRODUCT_TYPE,PRODUCT_IMGPATH,PRODUCT_IMG,PRODUCT_THUMBNAIL,PRODUCT_CONTENT,PRODUCT_REGDATE) values ('AA0311','우먼스 나이키 에어맥스 2','나이키',50000,11,'\resources\product\2020\12\29','\M_2a226c47-75aa-4cb5-8fe4-73d53e774422_SNEAKERS_18.jpg','\S_2a226c47-75aa-4cb5-8fe4-73d53e774422_SNEAKERS_18.jpg','\C_2a226c47-75aa-4cb5-8fe4-73d53e774422_SNEAKERS_18.jpg',to_date('20/12/29','RR/MM/DD'));
Insert into HKL.PRODUCT (PRODUCT_CODE,PRODUCT_NAME,PRODUCT_BRAND,PRODUCT_PRICE,PRODUCT_TYPE,PRODUCT_IMGPATH,PRODUCT_IMG,PRODUCT_THUMBNAIL,PRODUCT_CONTENT,PRODUCT_REGDATE) values ('AA0411','우먼스 나이키 코트 레거시','나이키',50000,11,'\resources\product\2020\12\29','\M_ed107bc7-6669-4966-a424-6411936991ee_SNEAKERS_16.jpg','\S_ed107bc7-6669-4966-a424-6411936991ee_SNEAKERS_16.jpg','\C_ed107bc7-6669-4966-a424-6411936991ee_SNEAKERS_16.jpg',to_date('20/12/29','RR/MM/DD'));
Insert into HKL.PRODUCT (PRODUCT_CODE,PRODUCT_NAME,PRODUCT_BRAND,PRODUCT_PRICE,PRODUCT_TYPE,PRODUCT_IMGPATH,PRODUCT_IMG,PRODUCT_THUMBNAIL,PRODUCT_CONTENT,PRODUCT_REGDATE) values ('AA0511','웨어올데이 보이프리스쿨','나이키',50000,11,'\resources\product\2020\12\29','\M_2d85c409-134f-4bab-842f-61f84a317177_SNEAKERS_3.jpg','\S_2d85c409-134f-4bab-842f-61f84a317177_SNEAKERS_3.jpg','\C_2d85c409-134f-4bab-842f-61f84a317177_SNEAKERS_3.jpg',to_date('20/12/29','RR/MM/DD'));
Insert into HKL.PRODUCT (PRODUCT_CODE,PRODUCT_NAME,PRODUCT_BRAND,PRODUCT_PRICE,PRODUCT_TYPE,PRODUCT_IMGPATH,PRODUCT_IMG,PRODUCT_THUMBNAIL,PRODUCT_CONTENT,PRODUCT_REGDATE) values ('AA0611','WX452KO1','뉴발란스',30000,11,'\resources\product\2020\12\29','\M_030a8ca7-f3ef-4739-867f-eb5cde734a2d_SNEAKERS_29.jpg','\S_030a8ca7-f3ef-4739-867f-eb5cde734a2d_SNEAKERS_29.jpg','\C_030a8ca7-f3ef-4739-867f-eb5cde734a2d_SNEAKERS_29.jpg',to_date('20/12/29','RR/MM/DD'));
Insert into HKL.PRODUCT (PRODUCT_CODE,PRODUCT_NAME,PRODUCT_BRAND,PRODUCT_PRICE,PRODUCT_TYPE,PRODUCT_IMGPATH,PRODUCT_IMG,PRODUCT_THUMBNAIL,PRODUCT_CONTENT,PRODUCT_REGDATE) values ('AA0711','YHMMOCPG','뉴발란스',50000,11,'\resources\product\2020\12\29','\M_2fea82a8-9f88-4728-9db8-e86c101c2b9c_SNEAKERS_17.jpg','\S_2fea82a8-9f88-4728-9db8-e86c101c2b9c_SNEAKERS_17.jpg','\C_2fea82a8-9f88-4728-9db8-e86c101c2b9c_SNEAKERS_17.jpg',to_date('20/12/29','RR/MM/DD'));
Insert into HKL.PRODUCT (PRODUCT_CODE,PRODUCT_NAME,PRODUCT_BRAND,PRODUCT_PRICE,PRODUCT_TYPE,PRODUCT_IMGPATH,PRODUCT_IMG,PRODUCT_THUMBNAIL,PRODUCT_CONTENT,PRODUCT_REGDATE) values ('AA0811','덤퍼 뉴 오리지널 캐논볼 파리','덤퍼',50000,11,'\resources\product\2020\12\29','\M_b423f283-08ab-4de7-b863-a5d4a213cc05_SNEAKERS_10.jpg','\S_b423f283-08ab-4de7-b863-a5d4a213cc05_SNEAKERS_10.jpg','\C_b423f283-08ab-4de7-b863-a5d4a213cc05_SNEAKERS_10.jpg',to_date('20/12/29','RR/MM/DD'));
Insert into HKL.PRODUCT (PRODUCT_CODE,PRODUCT_NAME,PRODUCT_BRAND,PRODUCT_PRICE,PRODUCT_TYPE,PRODUCT_IMGPATH,PRODUCT_IMG,PRODUCT_THUMBNAIL,PRODUCT_CONTENT,PRODUCT_REGDATE) values ('AA0911','디엠엑스','리복',50000,11,'\resources\product\2020\12\29','\M_cfd474a8-2103-4856-8691-c5cb7ace0798_57871_1606205778225.jpg','\S_cfd474a8-2103-4856-8691-c5cb7ace0798_57871_1606205778225.jpg','\C_cfd474a8-2103-4856-8691-c5cb7ace0798_57871_1606205778225.jpg',to_date('20/12/29','RR/MM/DD'));
Insert into HKL.PRODUCT (PRODUCT_CODE,PRODUCT_NAME,PRODUCT_BRAND,PRODUCT_PRICE,PRODUCT_TYPE,PRODUCT_IMGPATH,PRODUCT_IMG,PRODUCT_THUMBNAIL,PRODUCT_CONTENT,PRODUCT_REGDATE) values ('AA1011','벡터 러너','리복',50000,11,'\resources\product\2020\12\29','\M_e6bd4ef8-9d16-404a-8fde-d0ce2c5f6ce6_SNEAKERS_26.jpg','\S_e6bd4ef8-9d16-404a-8fde-d0ce2c5f6ce6_SNEAKERS_26.jpg','\C_e6bd4ef8-9d16-404a-8fde-d0ce2c5f6ce6_SNEAKERS_26.jpg',to_date('20/12/29','RR/MM/DD'));
Insert into HKL.PRODUCT (PRODUCT_CODE,PRODUCT_NAME,PRODUCT_BRAND,PRODUCT_PRICE,PRODUCT_TYPE,PRODUCT_IMGPATH,PRODUCT_IMG,PRODUCT_THUMBNAIL,PRODUCT_CONTENT,PRODUCT_REGDATE) values ('AA1111','클래식 레거시','리복',50000,11,'\resources\product\2020\12\29','\M_eac3e0e8-85e1-4bce-ad8d-88614cce3c5e_SNEAKERS_15.jpg','\S_eac3e0e8-85e1-4bce-ad8d-88614cce3c5e_SNEAKERS_15.jpg','\C_eac3e0e8-85e1-4bce-ad8d-88614cce3c5e_SNEAKERS_15.jpg',to_date('20/12/29','RR/MM/DD'));
Insert into HKL.PRODUCT (PRODUCT_CODE,PRODUCT_NAME,PRODUCT_BRAND,PRODUCT_PRICE,PRODUCT_TYPE,PRODUCT_IMGPATH,PRODUCT_IMG,PRODUCT_THUMBNAIL,PRODUCT_CONTENT,PRODUCT_REGDATE) values ('AA1211','클럽 레더 더블','리복',50000,11,'\resources\product\2020\12\29','\M_6d1eef10-0fb3-4d55-829a-0062bf75907a_SNEAKERS_25.jpg','\S_6d1eef10-0fb3-4d55-829a-0062bf75907a_SNEAKERS_25.jpg','\C_6d1eef10-0fb3-4d55-829a-0062bf75907a_SNEAKERS_25.jpg',to_date('20/12/29','RR/MM/DD'));
Insert into HKL.PRODUCT (PRODUCT_CODE,PRODUCT_NAME,PRODUCT_BRAND,PRODUCT_PRICE,PRODUCT_TYPE,PRODUCT_IMGPATH,PRODUCT_IMG,PRODUCT_THUMBNAIL,PRODUCT_CONTENT,PRODUCT_REGDATE) values ('AA1311','클럽 씨 더블','리복',50000,11,'\resources\product\2020\12\29','\M_aa8a03e1-c0d5-4486-9250-55a7c8e6a36c_SNEAKERS_27.jpg','\S_aa8a03e1-c0d5-4486-9250-55a7c8e6a36c_SNEAKERS_27.jpg','\C_aa8a03e1-c0d5-4486-9250-55a7c8e6a36c_SNEAKERS_27.jpg',to_date('20/12/29','RR/MM/DD'));
Insert into HKL.PRODUCT (PRODUCT_CODE,PRODUCT_NAME,PRODUCT_BRAND,PRODUCT_PRICE,PRODUCT_TYPE,PRODUCT_IMGPATH,PRODUCT_IMG,PRODUCT_THUMBNAIL,PRODUCT_CONTENT,PRODUCT_REGDATE) values ('AA1411','번스 우먼스','스테파노로시',50000,11,'\resources\product\2020\12\29','\M_5df85117-55bd-4922-85d3-8ad89f025564_SNEAKERS_8.jpg','\S_5df85117-55bd-4922-85d3-8ad89f025564_SNEAKERS_8.jpg','\C_5df85117-55bd-4922-85d3-8ad89f025564_SNEAKERS_8.jpg',to_date('20/12/29','RR/MM/DD'));
Insert into HKL.PRODUCT (PRODUCT_CODE,PRODUCT_NAME,PRODUCT_BRAND,PRODUCT_PRICE,PRODUCT_TYPE,PRODUCT_IMGPATH,PRODUCT_IMG,PRODUCT_THUMBNAIL,PRODUCT_CONTENT,PRODUCT_REGDATE) values ('AA1511','척 70 옥스','컨버스',50000,11,'\resources\product\2020\12\29','\M_7067cc33-37e9-47f2-bcdf-0b71326b8fbc_SNEAKERS_30.jpg','\S_7067cc33-37e9-47f2-bcdf-0b71326b8fbc_SNEAKERS_30.jpg','\C_7067cc33-37e9-47f2-bcdf-0b71326b8fbc_SNEAKERS_30.jpg',to_date('20/12/29','RR/MM/DD'));
Insert into HKL.PRODUCT (PRODUCT_CODE,PRODUCT_NAME,PRODUCT_BRAND,PRODUCT_PRICE,PRODUCT_TYPE,PRODUCT_IMGPATH,PRODUCT_IMG,PRODUCT_THUMBNAIL,PRODUCT_CONTENT,PRODUCT_REGDATE) values ('AA1611','척 70 하이','컨버스',50000,11,'\resources\product\2020\12\29','\M_6ca5e5d6-0aae-4e44-8b37-6dbca3dfd2c1_SNEAKERS_7.jpg','\S_6ca5e5d6-0aae-4e44-8b37-6dbca3dfd2c1_SNEAKERS_7.jpg','\C_6ca5e5d6-0aae-4e44-8b37-6dbca3dfd2c1_SNEAKERS_7.jpg',to_date('20/12/29','RR/MM/DD'));
Insert into HKL.PRODUCT (PRODUCT_CODE,PRODUCT_NAME,PRODUCT_BRAND,PRODUCT_PRICE,PRODUCT_TYPE,PRODUCT_IMGPATH,PRODUCT_IMG,PRODUCT_THUMBNAIL,PRODUCT_CONTENT,PRODUCT_REGDATE) values ('AA1711','척테일러올스타 옥스','컨버스',50000,11,'\resources\product\2020\12\29','\M_6add3772-b0b5-48a3-9ddf-661dad0ca38e_SNEAKERS_6.jpg','\S_6add3772-b0b5-48a3-9ddf-661dad0ca38e_SNEAKERS_6.jpg','\C_6add3772-b0b5-48a3-9ddf-661dad0ca38e_SNEAKERS_6.jpg',to_date('20/12/29','RR/MM/DD'));
Insert into HKL.PRODUCT (PRODUCT_CODE,PRODUCT_NAME,PRODUCT_BRAND,PRODUCT_PRICE,PRODUCT_TYPE,PRODUCT_IMGPATH,PRODUCT_IMG,PRODUCT_THUMBNAIL,PRODUCT_CONTENT,PRODUCT_REGDATE) values ('AA1811','멈멈','포즈간츠',40000,11,'\resources\product\2020\12\29','\M_aad340bc-a72a-43b3-b0e1-07b0801be87c_SNEAKERS_24.jpg','\S_aad340bc-a72a-43b3-b0e1-07b0801be87c_SNEAKERS_24.jpg','\C_aad340bc-a72a-43b3-b0e1-07b0801be87c_SNEAKERS_24.jpg',to_date('20/12/29','RR/MM/DD'));
Insert into HKL.PRODUCT (PRODUCT_CODE,PRODUCT_NAME,PRODUCT_BRAND,PRODUCT_PRICE,PRODUCT_TYPE,PRODUCT_IMGPATH,PRODUCT_IMG,PRODUCT_THUMBNAIL,PRODUCT_CONTENT,PRODUCT_REGDATE) values ('AA1911','멈멈 마일드','포즈간츠',50000,11,'\resources\product\2020\12\29','\M_b5cbb962-27f7-4278-aada-8518111013d4_SNEAKERS_21.jpg','\S_b5cbb962-27f7-4278-aada-8518111013d4_SNEAKERS_21.jpg','\C_b5cbb962-27f7-4278-aada-8518111013d4_SNEAKERS_21.jpg',to_date('20/12/29','RR/MM/DD'));
Insert into HKL.PRODUCT (PRODUCT_CODE,PRODUCT_NAME,PRODUCT_BRAND,PRODUCT_PRICE,PRODUCT_TYPE,PRODUCT_IMGPATH,PRODUCT_IMG,PRODUCT_THUMBNAIL,PRODUCT_CONTENT,PRODUCT_REGDATE) values ('AA2011','멈멈 캔버스','포즈간츠',50000,11,'\resources\product\2020\12\29','\M_f5ff48f6-d695-4c7d-a35c-c401a8ca24a9_SNEAKERS_19.jpg','\S_f5ff48f6-d695-4c7d-a35c-c401a8ca24a9_SNEAKERS_19.jpg','\C_f5ff48f6-d695-4c7d-a35c-c401a8ca24a9_SNEAKERS_19.jpg',to_date('20/12/29','RR/MM/DD'));
Insert into HKL.PRODUCT (PRODUCT_CODE,PRODUCT_NAME,PRODUCT_BRAND,PRODUCT_PRICE,PRODUCT_TYPE,PRODUCT_IMGPATH,PRODUCT_IMG,PRODUCT_THUMBNAIL,PRODUCT_CONTENT,PRODUCT_REGDATE) values ('AA2111','오리지널 에디션 부스트 샥스 스니커즈','포티세컨드',40000,11,'\resources\product\2020\12\29','\M_f03176cf-d848-4fc4-bde6-c5ec6f990959_SNEAKERS_13.jpg','\S_f03176cf-d848-4fc4-bde6-c5ec6f990959_SNEAKERS_13.jpg','\C_f03176cf-d848-4fc4-bde6-c5ec6f990959_SNEAKERS_13.jpg',to_date('20/12/29','RR/MM/DD'));
Insert into HKL.PRODUCT (PRODUCT_CODE,PRODUCT_NAME,PRODUCT_BRAND,PRODUCT_PRICE,PRODUCT_TYPE,PRODUCT_IMGPATH,PRODUCT_IMG,PRODUCT_THUMBNAIL,PRODUCT_CONTENT,PRODUCT_REGDATE) values ('AA2211','퍼포먼스 에디션 부스트 샥스 스니커즈','포티세컨드',50000,11,'\resources\product\2020\12\29','\M_7e4d539c-cee1-4db6-a844-ae86c91bebae_SNEAKERS_11.jpg','\S_7e4d539c-cee1-4db6-a844-ae86c91bebae_SNEAKERS_11.jpg','\C_7e4d539c-cee1-4db6-a844-ae86c91bebae_SNEAKERS_11.jpg',to_date('20/12/29','RR/MM/DD'));
Insert into HKL.PRODUCT (PRODUCT_CODE,PRODUCT_NAME,PRODUCT_BRAND,PRODUCT_PRICE,PRODUCT_TYPE,PRODUCT_IMGPATH,PRODUCT_IMG,PRODUCT_THUMBNAIL,PRODUCT_CONTENT,PRODUCT_REGDATE) values ('AA0113','노비스','나이키',50000,13,'\resources\product\2020\12\29','\M_5b108d04-3303-41e0-9ad9-395123571b51_SNEAKERS_3.jpg','\S_5b108d04-3303-41e0-9ad9-395123571b51_SNEAKERS_3.jpg','\C_5b108d04-3303-41e0-9ad9-395123571b51_SNEAKERS_3.jpg',to_date('20/12/29','RR/MM/DD'));
Insert into HKL.PRODUCT (PRODUCT_CODE,PRODUCT_NAME,PRODUCT_BRAND,PRODUCT_PRICE,PRODUCT_TYPE,PRODUCT_IMGPATH,PRODUCT_IMG,PRODUCT_THUMBNAIL,PRODUCT_CONTENT,PRODUCT_REGDATE) values ('AA0213','다이나모 프리','나이키',50000,13,'\resources\product\2020\12\29','\M_17d317a3-adf0-4aa2-8858-3ea6e7bcfca4_SNEAKERS_2.jpg','\S_17d317a3-adf0-4aa2-8858-3ea6e7bcfca4_SNEAKERS_2.jpg','\C_17d317a3-adf0-4aa2-8858-3ea6e7bcfca4_SNEAKERS_2.jpg',to_date('20/12/29','RR/MM/DD'));
Insert into HKL.PRODUCT (PRODUCT_CODE,PRODUCT_NAME,PRODUCT_BRAND,PRODUCT_PRICE,PRODUCT_TYPE,PRODUCT_IMGPATH,PRODUCT_IMG,PRODUCT_THUMBNAIL,PRODUCT_CONTENT,PRODUCT_REGDATE) values ('AA0313','플렉스 러너 SE','나이키',50000,13,'\resources\product\2020\12\29','\M_7014d9ff-9ecc-41ce-8cb7-937d6c3586c7_SNEAKERS_5.jpg','\S_7014d9ff-9ecc-41ce-8cb7-937d6c3586c7_SNEAKERS_5.jpg','\C_7014d9ff-9ecc-41ce-8cb7-937d6c3586c7_SNEAKERS_5.jpg',to_date('20/12/29','RR/MM/DD'));
Insert into HKL.PRODUCT (PRODUCT_CODE,PRODUCT_NAME,PRODUCT_BRAND,PRODUCT_PRICE,PRODUCT_TYPE,PRODUCT_IMGPATH,PRODUCT_IMG,PRODUCT_THUMBNAIL,PRODUCT_CONTENT,PRODUCT_REGDATE) values ('AA0413','슬립 ER 2','반스',50000,13,'\resources\product\2020\12\29','\M_acbde59b-ea18-4735-9565-1d011c26e129_SNEAKERS_10.jpg','\S_acbde59b-ea18-4735-9565-1d011c26e129_SNEAKERS_10.jpg','\C_acbde59b-ea18-4735-9565-1d011c26e129_SNEAKERS_10.jpg',to_date('20/12/29','RR/MM/DD'));
Insert into HKL.PRODUCT (PRODUCT_CODE,PRODUCT_NAME,PRODUCT_BRAND,PRODUCT_PRICE,PRODUCT_TYPE,PRODUCT_IMGPATH,PRODUCT_IMG,PRODUCT_THUMBNAIL,PRODUCT_CONTENT,PRODUCT_REGDATE) values ('AA0513','슬립온 벨크로','반스',50000,13,'\resources\product\2020\12\29','\M_d8cd012e-27f3-4fef-aa95-315fa5646f86_SNEAKERS_7.jpg','\S_d8cd012e-27f3-4fef-aa95-315fa5646f86_SNEAKERS_7.jpg','\C_d8cd012e-27f3-4fef-aa95-315fa5646f86_SNEAKERS_7.jpg',to_date('20/12/29','RR/MM/DD'));
Insert into HKL.PRODUCT (PRODUCT_CODE,PRODUCT_NAME,PRODUCT_BRAND,PRODUCT_PRICE,PRODUCT_TYPE,PRODUCT_IMGPATH,PRODUCT_IMG,PRODUCT_THUMBNAIL,PRODUCT_CONTENT,PRODUCT_REGDATE) values ('AA0613','슬립온 SF','반스',50000,13,'\resources\product\2020\12\29','\M_2c20e0b1-fb75-4f79-841d-85a975c00b3b_SNEAKERS_14.jpg','\S_2c20e0b1-fb75-4f79-841d-85a975c00b3b_SNEAKERS_14.jpg','\C_2c20e0b1-fb75-4f79-841d-85a975c00b3b_SNEAKERS_14.jpg',to_date('20/12/29','RR/MM/DD'));
Insert into HKL.PRODUCT (PRODUCT_CODE,PRODUCT_NAME,PRODUCT_BRAND,PRODUCT_PRICE,PRODUCT_TYPE,PRODUCT_IMGPATH,PRODUCT_IMG,PRODUCT_THUMBNAIL,PRODUCT_CONTENT,PRODUCT_REGDATE) values ('AA0713','올드 스쿨 뮬','반스',50000,13,'\resources\product\2020\12\29','\M_a2b22294-21de-4713-8484-04b999bac5dc_SNEAKERS_24.jpg','\S_a2b22294-21de-4713-8484-04b999bac5dc_SNEAKERS_24.jpg','\C_a2b22294-21de-4713-8484-04b999bac5dc_SNEAKERS_24.jpg',to_date('20/12/29','RR/MM/DD'));
Insert into HKL.PRODUCT (PRODUCT_CODE,PRODUCT_NAME,PRODUCT_BRAND,PRODUCT_PRICE,PRODUCT_TYPE,PRODUCT_IMGPATH,PRODUCT_IMG,PRODUCT_THUMBNAIL,PRODUCT_CONTENT,PRODUCT_REGDATE) values ('AA0813','클래식 슬립온','반스',50000,13,'\resources\product\2020\12\29','\M_0a54d1e2-1779-4a2f-a6d5-15da05108323_SNEAKERS_8.jpg','\S_0a54d1e2-1779-4a2f-a6d5-15da05108323_SNEAKERS_8.jpg','\C_0a54d1e2-1779-4a2f-a6d5-15da05108323_SNEAKERS_8.jpg',to_date('20/12/29','RR/MM/DD'));
Insert into HKL.PRODUCT (PRODUCT_CODE,PRODUCT_NAME,PRODUCT_BRAND,PRODUCT_PRICE,PRODUCT_TYPE,PRODUCT_IMGPATH,PRODUCT_IMG,PRODUCT_THUMBNAIL,PRODUCT_CONTENT,PRODUCT_REGDATE) values ('AA0913','고 워크 5','스케쳐스',50000,13,'\resources\product\2020\12\29','\M_d857f1e0-a300-4035-b32d-e542874786d3_SNEAKERS_31.jpg','\S_d857f1e0-a300-4035-b32d-e542874786d3_SNEAKERS_31.jpg','\C_d857f1e0-a300-4035-b32d-e542874786d3_SNEAKERS_31.jpg',to_date('20/12/29','RR/MM/DD'));
Insert into HKL.PRODUCT (PRODUCT_CODE,PRODUCT_NAME,PRODUCT_BRAND,PRODUCT_PRICE,PRODUCT_TYPE,PRODUCT_IMGPATH,PRODUCT_IMG,PRODUCT_THUMBNAIL,PRODUCT_CONTENT,PRODUCT_REGDATE) values ('AA1013','울트라 플렉스 2.0','스케쳐스',50000,13,'\resources\product\2020\12\29','\M_79ad8b07-104c-49a5-8b21-aa908c563ae7_SNEAKERS_40.jpg','\S_79ad8b07-104c-49a5-8b21-aa908c563ae7_SNEAKERS_40.jpg','\C_79ad8b07-104c-49a5-8b21-aa908c563ae7_SNEAKERS_40.jpg',to_date('20/12/29','RR/MM/DD'));
Insert into HKL.PRODUCT (PRODUCT_CODE,PRODUCT_NAME,PRODUCT_BRAND,PRODUCT_PRICE,PRODUCT_TYPE,PRODUCT_IMGPATH,PRODUCT_IMG,PRODUCT_THUMBNAIL,PRODUCT_CONTENT,PRODUCT_REGDATE) values ('AA1113','부트','스테파노로시',50000,13,'\resources\product\2020\12\29','\M_d909c232-2f20-4c5e-8294-6e47c65cb7c3_SNEAKERS_39.jpg','\S_d909c232-2f20-4c5e-8294-6e47c65cb7c3_SNEAKERS_39.jpg','\C_d909c232-2f20-4c5e-8294-6e47c65cb7c3_SNEAKERS_39.jpg',to_date('20/12/29','RR/MM/DD'));
Insert into HKL.PRODUCT (PRODUCT_CODE,PRODUCT_NAME,PRODUCT_BRAND,PRODUCT_PRICE,PRODUCT_TYPE,PRODUCT_IMGPATH,PRODUCT_IMG,PRODUCT_THUMBNAIL,PRODUCT_CONTENT,PRODUCT_REGDATE) values ('AA1213','벤투라 슬립온','스트레이',50000,13,'\resources\product\2020\12\29','\M_90f11443-7300-456d-92ec-f6172f4c972a_SNEAKERS_18.jpg','\S_90f11443-7300-456d-92ec-f6172f4c972a_SNEAKERS_18.jpg','\C_90f11443-7300-456d-92ec-f6172f4c972a_SNEAKERS_18.jpg',to_date('20/12/29','RR/MM/DD'));
Insert into HKL.PRODUCT (PRODUCT_CODE,PRODUCT_NAME,PRODUCT_BRAND,PRODUCT_PRICE,PRODUCT_TYPE,PRODUCT_IMGPATH,PRODUCT_IMG,PRODUCT_THUMBNAIL,PRODUCT_CONTENT,PRODUCT_REGDATE) values ('AA1313','삼바로즈 이지 우먼스','아디다스',50000,13,'\resources\product\2020\12\29','\M_c2e7c7ce-22b2-4c96-b170-217b13997e26_SNEAKERS_1.jpg','\S_c2e7c7ce-22b2-4c96-b170-217b13997e26_SNEAKERS_1.jpg','\C_c2e7c7ce-22b2-4c96-b170-217b13997e26_SNEAKERS_1.jpg',to_date('20/12/29','RR/MM/DD'));
Insert into HKL.PRODUCT (PRODUCT_CODE,PRODUCT_NAME,PRODUCT_BRAND,PRODUCT_PRICE,PRODUCT_TYPE,PRODUCT_IMGPATH,PRODUCT_IMG,PRODUCT_THUMBNAIL,PRODUCT_CONTENT,PRODUCT_REGDATE) values ('AA1413','슈퍼스타 360 인펀트','아디다스',50000,13,'\resources\product\2020\12\29','\M_9517f5a6-3cca-4565-9091-1a2293b203f4_SNEAKERS_36.jpg','\S_9517f5a6-3cca-4565-9091-1a2293b203f4_SNEAKERS_36.jpg','\C_9517f5a6-3cca-4565-9091-1a2293b203f4_SNEAKERS_36.jpg',to_date('20/12/29','RR/MM/DD'));
Insert into HKL.PRODUCT (PRODUCT_CODE,PRODUCT_NAME,PRODUCT_BRAND,PRODUCT_PRICE,PRODUCT_TYPE,PRODUCT_IMGPATH,PRODUCT_IMG,PRODUCT_THUMBNAIL,PRODUCT_CONTENT,PRODUCT_REGDATE) values ('AA1513','바리 뮬 셰르파','푸마',50000,13,'\resources\product\2020\12\29','\M_56c9b576-8e05-4d81-bca2-c29c7efdbd0b_SNEAKERS_29.jpg','\S_56c9b576-8e05-4d81-bca2-c29c7efdbd0b_SNEAKERS_29.jpg','\C_56c9b576-8e05-4d81-bca2-c29c7efdbd0b_SNEAKERS_29.jpg',to_date('20/12/29','RR/MM/DD'));
Insert into HKL.PRODUCT (PRODUCT_CODE,PRODUCT_NAME,PRODUCT_BRAND,PRODUCT_PRICE,PRODUCT_TYPE,PRODUCT_IMGPATH,PRODUCT_IMG,PRODUCT_THUMBNAIL,PRODUCT_CONTENT,PRODUCT_REGDATE) values ('AA1613','펀 레이서 슬립온 인펀트','푸마',40000,13,'\resources\product\2020\12\29','\M_7a61b3be-e1eb-4365-aa19-fc73a66a98fa_SNEAKERS_28.jpg','\S_7a61b3be-e1eb-4365-aa19-fc73a66a98fa_SNEAKERS_28.jpg','\C_7a61b3be-e1eb-4365-aa19-fc73a66a98fa_SNEAKERS_28.jpg',to_date('20/12/29','RR/MM/DD'));
Insert into HKL.PRODUCT (PRODUCT_CODE,PRODUCT_NAME,PRODUCT_BRAND,PRODUCT_PRICE,PRODUCT_TYPE,PRODUCT_IMGPATH,PRODUCT_IMG,PRODUCT_THUMBNAIL,PRODUCT_CONTENT,PRODUCT_REGDATE) values ('AA1713','펀 레이서 슬립온 프리스쿨','푸마',50000,13,'\resources\product\2020\12\29','\M_fd7752c9-7a0c-4164-9afa-14207c87adc7_SNEAKERS_27.jpg','\S_fd7752c9-7a0c-4164-9afa-14207c87adc7_SNEAKERS_27.jpg','\C_fd7752c9-7a0c-4164-9afa-14207c87adc7_SNEAKERS_27.jpg',to_date('20/12/29','RR/MM/DD'));
Insert into HKL.PRODUCT (PRODUCT_CODE,PRODUCT_NAME,PRODUCT_BRAND,PRODUCT_PRICE,PRODUCT_TYPE,PRODUCT_IMGPATH,PRODUCT_IMG,PRODUCT_THUMBNAIL,PRODUCT_CONTENT,PRODUCT_REGDATE) values ('AA1813','컴포트 페트라 4.5','호킨스',50000,13,'\resources\product\2020\12\29','\M_e0c98242-26c0-4279-ac8e-bfc9335853b2_SNEAKERS_34.jpg','\S_e0c98242-26c0-4279-ac8e-bfc9335853b2_SNEAKERS_34.jpg','\C_e0c98242-26c0-4279-ac8e-bfc9335853b2_SNEAKERS_34.jpg',to_date('20/12/29','RR/MM/DD'));
Insert into HKL.PRODUCT (PRODUCT_CODE,PRODUCT_NAME,PRODUCT_BRAND,PRODUCT_PRICE,PRODUCT_TYPE,PRODUCT_IMGPATH,PRODUCT_IMG,PRODUCT_THUMBNAIL,PRODUCT_CONTENT,PRODUCT_REGDATE) values ('AA1913','파블로2','호킨스',50000,13,'\resources\product\2020\12\29','\M_294e992e-af12-4499-926b-58650795d1a4_SNEAKERS_26.jpg','\S_294e992e-af12-4499-926b-58650795d1a4_SNEAKERS_26.jpg','\C_294e992e-af12-4499-926b-58650795d1a4_SNEAKERS_26.jpg',to_date('20/12/29','RR/MM/DD'));
Insert into HKL.PRODUCT (PRODUCT_CODE,PRODUCT_NAME,PRODUCT_BRAND,PRODUCT_PRICE,PRODUCT_TYPE,PRODUCT_IMGPATH,PRODUCT_IMG,PRODUCT_THUMBNAIL,PRODUCT_CONTENT,PRODUCT_REGDATE) values ('AA0112','스타일 36 데콘 에스에프','반스',50000,12,'\resources\product\2020\12\29','\M_605f9ef9-5b13-48cf-ba63-4fd6b8273bb3_SNEAKERS_12.jpg','\S_605f9ef9-5b13-48cf-ba63-4fd6b8273bb3_SNEAKERS_12.jpg','\C_605f9ef9-5b13-48cf-ba63-4fd6b8273bb3_SNEAKERS_12.jpg',to_date('20/12/29','RR/MM/DD'));
Insert into HKL.PRODUCT (PRODUCT_CODE,PRODUCT_NAME,PRODUCT_BRAND,PRODUCT_PRICE,PRODUCT_TYPE,PRODUCT_IMGPATH,PRODUCT_IMG,PRODUCT_THUMBNAIL,PRODUCT_CONTENT,PRODUCT_REGDATE) values ('AA0212','가워 스니커즈','스트레이',50000,12,'\resources\product\2020\12\29','\M_bbef6694-033e-494a-b0fe-87b2339be8ce_SNEAKERS_17.jpg','\S_bbef6694-033e-494a-b0fe-87b2339be8ce_SNEAKERS_17.jpg','\C_bbef6694-033e-494a-b0fe-87b2339be8ce_SNEAKERS_17.jpg',to_date('20/12/29','RR/MM/DD'));
Insert into HKL.PRODUCT (PRODUCT_CODE,PRODUCT_NAME,PRODUCT_BRAND,PRODUCT_PRICE,PRODUCT_TYPE,PRODUCT_IMGPATH,PRODUCT_IMG,PRODUCT_THUMBNAIL,PRODUCT_CONTENT,PRODUCT_REGDATE) values ('AA0312','크레스트 CVO 스키니','스페리',50000,12,'\resources\product\2020\12\29','\M_7b24fa68-68a9-4276-9fca-883327a73dc8_SNEAKERS_38.jpg','\S_7b24fa68-68a9-4276-9fca-883327a73dc8_SNEAKERS_38.jpg','\C_7b24fa68-68a9-4276-9fca-883327a73dc8_SNEAKERS_38.jpg',to_date('20/12/29','RR/MM/DD'));
Insert into HKL.PRODUCT (PRODUCT_CODE,PRODUCT_NAME,PRODUCT_BRAND,PRODUCT_PRICE,PRODUCT_TYPE,PRODUCT_IMGPATH,PRODUCT_IMG,PRODUCT_THUMBNAIL,PRODUCT_CONTENT,PRODUCT_REGDATE) values ('AA0412','니짜','아디다스',50000,12,'\resources\product\2020\12\29','\M_7ae61be3-f6f0-45e8-a75a-0b393cc4a669_SNEAKERS_11.jpg','\S_7ae61be3-f6f0-45e8-a75a-0b393cc4a669_SNEAKERS_11.jpg','\C_7ae61be3-f6f0-45e8-a75a-0b393cc4a669_SNEAKERS_11.jpg',to_date('20/12/29','RR/MM/DD'));
Insert into HKL.PRODUCT (PRODUCT_CODE,PRODUCT_NAME,PRODUCT_BRAND,PRODUCT_PRICE,PRODUCT_TYPE,PRODUCT_IMGPATH,PRODUCT_IMG,PRODUCT_THUMBNAIL,PRODUCT_CONTENT,PRODUCT_REGDATE) values ('AA0512','니짜 트레포일','아디다스',50000,12,'\resources\product\2020\12\29','\M_0f570bf7-ef56-49cd-8379-e9c23ec910d8_SNEAKERS_3.jpg','\S_0f570bf7-ef56-49cd-8379-e9c23ec910d8_SNEAKERS_3.jpg','\C_0f570bf7-ef56-49cd-8379-e9c23ec910d8_SNEAKERS_3.jpg',to_date('20/12/29','RR/MM/DD'));
Insert into HKL.PRODUCT (PRODUCT_CODE,PRODUCT_NAME,PRODUCT_BRAND,PRODUCT_PRICE,PRODUCT_TYPE,PRODUCT_IMGPATH,PRODUCT_IMG,PRODUCT_THUMBNAIL,PRODUCT_CONTENT,PRODUCT_REGDATE) values ('AA0612','니짜 플랫폼 미드 우먼스','아디다스',50000,12,'\resources\product\2020\12\29','\M_b3ce997d-c59d-4203-a571-b894304b2c6e_SNEAKERS_33.jpg','\S_b3ce997d-c59d-4203-a571-b894304b2c6e_SNEAKERS_33.jpg','\C_b3ce997d-c59d-4203-a571-b894304b2c6e_SNEAKERS_33.jpg',to_date('20/12/29','RR/MM/DD'));
Insert into HKL.PRODUCT (PRODUCT_CODE,PRODUCT_NAME,PRODUCT_BRAND,PRODUCT_PRICE,PRODUCT_TYPE,PRODUCT_IMGPATH,PRODUCT_IMG,PRODUCT_THUMBNAIL,PRODUCT_CONTENT,PRODUCT_REGDATE) values ('AA0712','델팔라','아디다스',50000,12,'\resources\product\2020\12\29','\M_563f6990-f704-415e-8186-b9a55351211b_SNEAKERS_14.jpg','\S_563f6990-f704-415e-8186-b9a55351211b_SNEAKERS_14.jpg','\C_563f6990-f704-415e-8186-b9a55351211b_SNEAKERS_14.jpg',to_date('20/12/29','RR/MM/DD'));
Insert into HKL.PRODUCT (PRODUCT_CODE,PRODUCT_NAME,PRODUCT_BRAND,PRODUCT_PRICE,PRODUCT_TYPE,PRODUCT_IMGPATH,PRODUCT_IMG,PRODUCT_THUMBNAIL,PRODUCT_CONTENT,PRODUCT_REGDATE) values ('AA0812','잭 퍼셀 LPLS 옥스','컨버스',50000,12,'\resources\product\2020\12\29','\M_90691f2e-2567-4fb9-bb14-13e571b8a029_SNEAKERS_4.jpg','\S_90691f2e-2567-4fb9-bb14-13e571b8a029_SNEAKERS_4.jpg','\C_90691f2e-2567-4fb9-bb14-13e571b8a029_SNEAKERS_4.jpg',to_date('20/12/29','RR/MM/DD'));
Insert into HKL.PRODUCT (PRODUCT_CODE,PRODUCT_NAME,PRODUCT_BRAND,PRODUCT_PRICE,PRODUCT_TYPE,PRODUCT_IMGPATH,PRODUCT_IMG,PRODUCT_THUMBNAIL,PRODUCT_CONTENT,PRODUCT_REGDATE) values ('AA0912','척 테일러 올 스타 하이','컨버스',50000,12,'\resources\product\2020\12\29','\M_d35b2e1b-55e3-48cc-a163-eaf2cd1dff3a_SNEAKERS_8.jpg','\S_d35b2e1b-55e3-48cc-a163-eaf2cd1dff3a_SNEAKERS_8.jpg','\C_d35b2e1b-55e3-48cc-a163-eaf2cd1dff3a_SNEAKERS_8.jpg',to_date('20/12/29','RR/MM/DD'));
Insert into HKL.PRODUCT (PRODUCT_CODE,PRODUCT_NAME,PRODUCT_BRAND,PRODUCT_PRICE,PRODUCT_TYPE,PRODUCT_IMGPATH,PRODUCT_IMG,PRODUCT_THUMBNAIL,PRODUCT_CONTENT,PRODUCT_REGDATE) values ('AA1012','척 테일러 올스타 2','컨버스',50000,12,'\resources\product\2020\12\29','\M_233f6539-4668-42c3-9992-5d6fb44d30fe_SNEAKERS_1.jpg','\S_233f6539-4668-42c3-9992-5d6fb44d30fe_SNEAKERS_1.jpg','\C_233f6539-4668-42c3-9992-5d6fb44d30fe_SNEAKERS_1.jpg',to_date('20/12/29','RR/MM/DD'));
Insert into HKL.PRODUCT (PRODUCT_CODE,PRODUCT_NAME,PRODUCT_BRAND,PRODUCT_PRICE,PRODUCT_TYPE,PRODUCT_IMGPATH,PRODUCT_IMG,PRODUCT_THUMBNAIL,PRODUCT_CONTENT,PRODUCT_REGDATE) values ('AA1112','펠로 II 라이즈업','페이유에',50000,12,'\resources\product\2020\12\29','\M_4699efed-33fb-4eee-b38e-242f062cdecb_SNEAKERS_16.jpg','\S_4699efed-33fb-4eee-b38e-242f062cdecb_SNEAKERS_16.jpg','\C_4699efed-33fb-4eee-b38e-242f062cdecb_SNEAKERS_16.jpg',to_date('20/12/29','RR/MM/DD'));
Insert into HKL.PRODUCT (PRODUCT_CODE,PRODUCT_NAME,PRODUCT_BRAND,PRODUCT_PRICE,PRODUCT_TYPE,PRODUCT_IMGPATH,PRODUCT_IMG,PRODUCT_THUMBNAIL,PRODUCT_CONTENT,PRODUCT_REGDATE) values ('AA1212','펠로 클래식','페이유에',50000,12,'\resources\product\2020\12\29','\M_d26f99dc-739f-46f3-ad46-bbf0fed7d086_SNEAKERS_15.jpg','\S_d26f99dc-739f-46f3-ad46-bbf0fed7d086_SNEAKERS_15.jpg','\C_d26f99dc-739f-46f3-ad46-bbf0fed7d086_SNEAKERS_15.jpg',to_date('20/12/29','RR/MM/DD'));
Insert into HKL.PRODUCT (PRODUCT_CODE,PRODUCT_NAME,PRODUCT_BRAND,PRODUCT_PRICE,PRODUCT_TYPE,PRODUCT_IMGPATH,PRODUCT_IMG,PRODUCT_THUMBNAIL,PRODUCT_CONTENT,PRODUCT_REGDATE) values ('AA0131','우먼스 레볼루션 5','나이키',50000,31,'\resources\product\2020\12\30','\M_a8a672f7-d4d8-410f-b58d-eb285d0814fc_SNEAKERS_38.jpg','\S_a8a672f7-d4d8-410f-b58d-eb285d0814fc_SNEAKERS_38.jpg','\C_a8a672f7-d4d8-410f-b58d-eb285d0814fc_SNEAKERS_38.jpg',to_date('20/12/30','RR/MM/DD'));
Insert into HKL.PRODUCT (PRODUCT_CODE,PRODUCT_NAME,PRODUCT_BRAND,PRODUCT_PRICE,PRODUCT_TYPE,PRODUCT_IMGPATH,PRODUCT_IMG,PRODUCT_THUMBNAIL,PRODUCT_CONTENT,PRODUCT_REGDATE) values ('AA0231','우먼스 윈플로 7 쉴드','나이키',50000,31,'\resources\product\2020\12\30','\M_e0742023-4cdc-4192-acd1-d599c3819e00_SNEAKERS_25.jpg','\S_e0742023-4cdc-4192-acd1-d599c3819e00_SNEAKERS_25.jpg','\C_e0742023-4cdc-4192-acd1-d599c3819e00_SNEAKERS_25.jpg',to_date('20/12/30','RR/MM/DD'));
Insert into HKL.PRODUCT (PRODUCT_CODE,PRODUCT_NAME,PRODUCT_BRAND,PRODUCT_PRICE,PRODUCT_TYPE,PRODUCT_IMGPATH,PRODUCT_IMG,PRODUCT_THUMBNAIL,PRODUCT_CONTENT,PRODUCT_REGDATE) values ('AA0331','웨어 올데이','나이키',50000,31,'\resources\product\2020\12\30','\M_ccbb2fe1-710f-4d52-a7f4-8bff1c0777e7_SNEAKERS_14.jpg','\S_ccbb2fe1-710f-4d52-a7f4-8bff1c0777e7_SNEAKERS_14.jpg','\C_ccbb2fe1-710f-4d52-a7f4-8bff1c0777e7_SNEAKERS_14.jpg',to_date('20/12/30','RR/MM/DD'));
Insert into HKL.PRODUCT (PRODUCT_CODE,PRODUCT_NAME,PRODUCT_BRAND,PRODUCT_PRICE,PRODUCT_TYPE,PRODUCT_IMGPATH,PRODUCT_IMG,PRODUCT_THUMBNAIL,PRODUCT_CONTENT,PRODUCT_REGDATE) values ('AA0651','Rabbit','마크모크',50000,51,'\resources\product\2020\12\30','\M_8bf74a40-3e4d-43b5-abf7-07bd39566e27_SNEAKERS_7.jpg','\S_8bf74a40-3e4d-43b5-abf7-07bd39566e27_SNEAKERS_7.jpg','\C_8bf74a40-3e4d-43b5-abf7-07bd39566e27_SNEAKERS_7.jpg',to_date('20/12/30','RR/MM/DD'));
Insert into HKL.PRODUCT (PRODUCT_CODE,PRODUCT_NAME,PRODUCT_BRAND,PRODUCT_PRICE,PRODUCT_TYPE,PRODUCT_IMGPATH,PRODUCT_IMG,PRODUCT_THUMBNAIL,PRODUCT_CONTENT,PRODUCT_REGDATE) values ('AA0152','1461 레이스 슈','닥터마틴',50000,52,'\resources\product\2020\12\30','\M_cb7c40f5-a830-45ba-b82f-3c35a052da3e_SNEAKERS_10.jpg','\S_cb7c40f5-a830-45ba-b82f-3c35a052da3e_SNEAKERS_10.jpg','\C_cb7c40f5-a830-45ba-b82f-3c35a052da3e_SNEAKERS_10.jpg',to_date('20/12/30','RR/MM/DD'));
Insert into HKL.PRODUCT (PRODUCT_CODE,PRODUCT_NAME,PRODUCT_BRAND,PRODUCT_PRICE,PRODUCT_TYPE,PRODUCT_IMGPATH,PRODUCT_IMG,PRODUCT_THUMBNAIL,PRODUCT_CONTENT,PRODUCT_REGDATE) values ('AA0252','아카이브 스미스','닥터마틴',50000,52,'\resources\product\2020\12\30','\M_a0f22b4b-ebd3-49c5-9795-77099a3f8842_SNEAKERS_1.jpg','\S_a0f22b4b-ebd3-49c5-9795-77099a3f8842_SNEAKERS_1.jpg','\C_a0f22b4b-ebd3-49c5-9795-77099a3f8842_SNEAKERS_1.jpg',to_date('20/12/30','RR/MM/DD'));
Insert into HKL.PRODUCT (PRODUCT_CODE,PRODUCT_NAME,PRODUCT_BRAND,PRODUCT_PRICE,PRODUCT_TYPE,PRODUCT_IMGPATH,PRODUCT_IMG,PRODUCT_THUMBNAIL,PRODUCT_CONTENT,PRODUCT_REGDATE) values ('AA0352','코어 1461','닥터마틴',50000,52,'\resources\product\2020\12\30','\M_7459c15f-3b87-4bd6-8ab1-725e795f93bf_SNEAKERS_2.jpg','\S_7459c15f-3b87-4bd6-8ab1-725e795f93bf_SNEAKERS_2.jpg','\C_7459c15f-3b87-4bd6-8ab1-725e795f93bf_SNEAKERS_2.jpg',to_date('20/12/30','RR/MM/DD'));
Insert into HKL.PRODUCT (PRODUCT_CODE,PRODUCT_NAME,PRODUCT_BRAND,PRODUCT_PRICE,PRODUCT_TYPE,PRODUCT_IMGPATH,PRODUCT_IMG,PRODUCT_THUMBNAIL,PRODUCT_CONTENT,PRODUCT_REGDATE) values ('AA0452','리도트','스테파노로시',50000,52,'\resources\product\2020\12\30','\M_bf5953e8-a7e7-4c56-86c4-39ad92a2dbc5_SNEAKERS_5.jpg','\S_bf5953e8-a7e7-4c56-86c4-39ad92a2dbc5_SNEAKERS_5.jpg','\C_bf5953e8-a7e7-4c56-86c4-39ad92a2dbc5_SNEAKERS_5.jpg',to_date('20/12/30','RR/MM/DD'));
Insert into HKL.PRODUCT (PRODUCT_CODE,PRODUCT_NAME,PRODUCT_BRAND,PRODUCT_PRICE,PRODUCT_TYPE,PRODUCT_IMGPATH,PRODUCT_IMG,PRODUCT_THUMBNAIL,PRODUCT_CONTENT,PRODUCT_REGDATE) values ('AA0552','AL IT 유-팁','호킨스',50000,52,'\resources\product\2020\12\30','\M_967b46c7-8b41-424e-81f1-30f3c7eb025f_SNEAKERS_6.jpg','\S_967b46c7-8b41-424e-81f1-30f3c7eb025f_SNEAKERS_6.jpg','\C_967b46c7-8b41-424e-81f1-30f3c7eb025f_SNEAKERS_6.jpg',to_date('20/12/30','RR/MM/DD'));
Insert into HKL.PRODUCT (PRODUCT_CODE,PRODUCT_NAME,PRODUCT_BRAND,PRODUCT_PRICE,PRODUCT_TYPE,PRODUCT_IMGPATH,PRODUCT_IMG,PRODUCT_THUMBNAIL,PRODUCT_CONTENT,PRODUCT_REGDATE) values ('AA0652','AL IT 플레인','호킨스',50000,52,'\resources\product\2020\12\30','\M_4ce05af4-0c8a-4085-ad81-ae6474a42333_SNEAKERS_7.jpg','\S_4ce05af4-0c8a-4085-ad81-ae6474a42333_SNEAKERS_7.jpg','\C_4ce05af4-0c8a-4085-ad81-ae6474a42333_SNEAKERS_7.jpg',to_date('20/12/30','RR/MM/DD'));
Insert into HKL.PRODUCT (PRODUCT_CODE,PRODUCT_NAME,PRODUCT_BRAND,PRODUCT_PRICE,PRODUCT_TYPE,PRODUCT_IMGPATH,PRODUCT_IMG,PRODUCT_THUMBNAIL,PRODUCT_CONTENT,PRODUCT_REGDATE) values ('AA0752','밴드 옥스포드','호킨스',50000,52,'\resources\product\2020\12\30','\M_a8e060ba-fd89-48c4-9273-424b60464a1a_SNEAKERS_8.jpg','\S_a8e060ba-fd89-48c4-9273-424b60464a1a_SNEAKERS_8.jpg','\C_a8e060ba-fd89-48c4-9273-424b60464a1a_SNEAKERS_8.jpg',to_date('20/12/30','RR/MM/DD'));
Insert into HKL.PRODUCT (PRODUCT_CODE,PRODUCT_NAME,PRODUCT_BRAND,PRODUCT_PRICE,PRODUCT_TYPE,PRODUCT_IMGPATH,PRODUCT_IMG,PRODUCT_THUMBNAIL,PRODUCT_CONTENT,PRODUCT_REGDATE) values ('AA0852','볼더 플레인','호킨스',50000,52,'\resources\product\2020\12\30','\M_4f366ecc-4414-4192-ba9b-5202b8c9a9b7_SNEAKERS_9.jpg','\S_4f366ecc-4414-4192-ba9b-5202b8c9a9b7_SNEAKERS_9.jpg','\C_4f366ecc-4414-4192-ba9b-5202b8c9a9b7_SNEAKERS_9.jpg',to_date('20/12/30','RR/MM/DD'));
Insert into HKL.PRODUCT (PRODUCT_CODE,PRODUCT_NAME,PRODUCT_BRAND,PRODUCT_PRICE,PRODUCT_TYPE,PRODUCT_IMGPATH,PRODUCT_IMG,PRODUCT_THUMBNAIL,PRODUCT_CONTENT,PRODUCT_REGDATE) values ('AA0952','콜브랜','호킨스',50000,52,'\resources\product\2020\12\30','\M_4c6dfd4e-d44f-4ca3-a458-b25752caf762_SNEAKERS_3.jpg','\S_4c6dfd4e-d44f-4ca3-a458-b25752caf762_SNEAKERS_3.jpg','\C_4c6dfd4e-d44f-4ca3-a458-b25752caf762_SNEAKERS_3.jpg',to_date('20/12/30','RR/MM/DD'));
Insert into HKL.PRODUCT (PRODUCT_CODE,PRODUCT_NAME,PRODUCT_BRAND,PRODUCT_PRICE,PRODUCT_TYPE,PRODUCT_IMGPATH,PRODUCT_IMG,PRODUCT_THUMBNAIL,PRODUCT_CONTENT,PRODUCT_REGDATE) values ('AA0153','글록시니아 7','누오보',50000,53,'\resources\product\2020\12\30','\M_1f006f81-b5d8-437d-ba8b-9d1365de9b83_SNEAKERS_3.jpg','\S_1f006f81-b5d8-437d-ba8b-9d1365de9b83_SNEAKERS_3.jpg','\C_1f006f81-b5d8-437d-ba8b-9d1365de9b83_SNEAKERS_3.jpg',to_date('20/12/30','RR/MM/DD'));
Insert into HKL.PRODUCT (PRODUCT_CODE,PRODUCT_NAME,PRODUCT_BRAND,PRODUCT_PRICE,PRODUCT_TYPE,PRODUCT_IMGPATH,PRODUCT_IMG,PRODUCT_THUMBNAIL,PRODUCT_CONTENT,PRODUCT_REGDATE) values ('AA0253','도빌 5','누오보',50000,53,'\resources\product\2020\12\30','\M_98999e8e-b301-4a0e-b010-af63a4477f71_SNEAKERS_8.jpg','\S_98999e8e-b301-4a0e-b010-af63a4477f71_SNEAKERS_8.jpg','\C_98999e8e-b301-4a0e-b010-af63a4477f71_SNEAKERS_8.jpg',to_date('20/12/30','RR/MM/DD'));
Insert into HKL.PRODUCT (PRODUCT_CODE,PRODUCT_NAME,PRODUCT_BRAND,PRODUCT_PRICE,PRODUCT_TYPE,PRODUCT_IMGPATH,PRODUCT_IMG,PRODUCT_THUMBNAIL,PRODUCT_CONTENT,PRODUCT_REGDATE) values ('AA0353','몰디드 웨지 2.5','누오보',50000,53,'\resources\product\2020\12\30','\M_c2cd1128-2be2-497d-814c-4d811ea6aae0_SNEAKERS_16.jpg','\S_c2cd1128-2be2-497d-814c-4d811ea6aae0_SNEAKERS_16.jpg','\C_c2cd1128-2be2-497d-814c-4d811ea6aae0_SNEAKERS_16.jpg',to_date('20/12/30','RR/MM/DD'));
Insert into HKL.PRODUCT (PRODUCT_CODE,PRODUCT_NAME,PRODUCT_BRAND,PRODUCT_PRICE,PRODUCT_TYPE,PRODUCT_IMGPATH,PRODUCT_IMG,PRODUCT_THUMBNAIL,PRODUCT_CONTENT,PRODUCT_REGDATE) values ('AA0453','스퀘어 펌프스 5.5','누오보',50000,53,'\resources\product\2020\12\30','\M_9467a938-a508-454f-9f72-2199d77d3487_SNEAKERS_15.jpg','\S_9467a938-a508-454f-9f72-2199d77d3487_SNEAKERS_15.jpg','\C_9467a938-a508-454f-9f72-2199d77d3487_SNEAKERS_15.jpg',to_date('20/12/30','RR/MM/DD'));
Insert into HKL.PRODUCT (PRODUCT_CODE,PRODUCT_NAME,PRODUCT_BRAND,PRODUCT_PRICE,PRODUCT_TYPE,PRODUCT_IMGPATH,PRODUCT_IMG,PRODUCT_THUMBNAIL,PRODUCT_CONTENT,PRODUCT_REGDATE) values ('AA0553','스트랩 펌프스 5.5','누오보',50000,53,'\resources\product\2020\12\30','\M_e983e956-41f6-48a2-93b7-4807b28f51a5_SNEAKERS_13.jpg','\S_e983e956-41f6-48a2-93b7-4807b28f51a5_SNEAKERS_13.jpg','\C_e983e956-41f6-48a2-93b7-4807b28f51a5_SNEAKERS_13.jpg',to_date('20/12/30','RR/MM/DD'));
Insert into HKL.PRODUCT (PRODUCT_CODE,PRODUCT_NAME,PRODUCT_BRAND,PRODUCT_PRICE,PRODUCT_TYPE,PRODUCT_IMGPATH,PRODUCT_IMG,PRODUCT_THUMBNAIL,PRODUCT_CONTENT,PRODUCT_REGDATE) values ('AA0653','엘슬라 4','누오보',50000,53,'\resources\product\2020\12\30','\M_c0951334-d0f8-4c5f-970c-81e59cfdc470_SNEAKERS_30.jpg','\S_c0951334-d0f8-4c5f-970c-81e59cfdc470_SNEAKERS_30.jpg','\C_c0951334-d0f8-4c5f-970c-81e59cfdc470_SNEAKERS_30.jpg',to_date('20/12/30','RR/MM/DD'));
Insert into HKL.PRODUCT (PRODUCT_CODE,PRODUCT_NAME,PRODUCT_BRAND,PRODUCT_PRICE,PRODUCT_TYPE,PRODUCT_IMGPATH,PRODUCT_IMG,PRODUCT_THUMBNAIL,PRODUCT_CONTENT,PRODUCT_REGDATE) values ('AA0753','테아 9','누오보',50000,53,'\resources\product\2020\12\30','\M_06dbb4f8-645f-4c71-8ac1-33fbf710b1fd_SNEAKERS_29.jpg','\S_06dbb4f8-645f-4c71-8ac1-33fbf710b1fd_SNEAKERS_29.jpg','\C_06dbb4f8-645f-4c71-8ac1-33fbf710b1fd_SNEAKERS_29.jpg',to_date('20/12/30','RR/MM/DD'));
Insert into HKL.PRODUCT (PRODUCT_CODE,PRODUCT_NAME,PRODUCT_BRAND,PRODUCT_PRICE,PRODUCT_TYPE,PRODUCT_IMGPATH,PRODUCT_IMG,PRODUCT_THUMBNAIL,PRODUCT_CONTENT,PRODUCT_REGDATE) values ('AA0853','파로라 5','누오보',50000,53,'\resources\product\2020\12\30','\M_85ca69ea-a624-47fb-9362-bc8f41a006d8_SNEAKERS_17.jpg','\S_85ca69ea-a624-47fb-9362-bc8f41a006d8_SNEAKERS_17.jpg','\C_85ca69ea-a624-47fb-9362-bc8f41a006d8_SNEAKERS_17.jpg',to_date('20/12/30','RR/MM/DD'));
Insert into HKL.PRODUCT (PRODUCT_CODE,PRODUCT_NAME,PRODUCT_BRAND,PRODUCT_PRICE,PRODUCT_TYPE,PRODUCT_IMGPATH,PRODUCT_IMG,PRODUCT_THUMBNAIL,PRODUCT_CONTENT,PRODUCT_REGDATE) values ('AA0953','플레인 펌프스 5.5','누오보',50000,53,'\resources\product\2020\12\30','\M_8f7c0876-ba58-4fca-8ee9-e0a73640963e_SNEAKERS_14.jpg','\S_8f7c0876-ba58-4fca-8ee9-e0a73640963e_SNEAKERS_14.jpg','\C_8f7c0876-ba58-4fca-8ee9-e0a73640963e_SNEAKERS_14.jpg',to_date('20/12/30','RR/MM/DD'));
Insert into HKL.PRODUCT (PRODUCT_CODE,PRODUCT_NAME,PRODUCT_BRAND,PRODUCT_PRICE,PRODUCT_TYPE,PRODUCT_IMGPATH,PRODUCT_IMG,PRODUCT_THUMBNAIL,PRODUCT_CONTENT,PRODUCT_REGDATE) values ('AA0154','몽트뢰 1','누오보',50000,54,'\resources\product\2020\12\30','\M_e3520523-536e-42e8-8314-3631956b4d6a_SNEAKERS_19.jpg','\S_e3520523-536e-42e8-8314-3631956b4d6a_SNEAKERS_19.jpg','\C_e3520523-536e-42e8-8314-3631956b4d6a_SNEAKERS_19.jpg',to_date('20/12/30','RR/MM/DD'));
Insert into HKL.PRODUCT (PRODUCT_CODE,PRODUCT_NAME,PRODUCT_BRAND,PRODUCT_PRICE,PRODUCT_TYPE,PRODUCT_IMGPATH,PRODUCT_IMG,PRODUCT_THUMBNAIL,PRODUCT_CONTENT,PRODUCT_REGDATE) values ('AA0254','아도도비 1','누오보',50000,54,'\resources\product\2020\12\30','\M_350bf734-110b-4b0f-9bb8-08ede1733cbb_SNEAKERS_8.jpg','\S_350bf734-110b-4b0f-9bb8-08ede1733cbb_SNEAKERS_8.jpg','\C_350bf734-110b-4b0f-9bb8-08ede1733cbb_SNEAKERS_8.jpg',to_date('20/12/30','RR/MM/DD'));
Insert into HKL.PRODUCT (PRODUCT_CODE,PRODUCT_NAME,PRODUCT_BRAND,PRODUCT_PRICE,PRODUCT_TYPE,PRODUCT_IMGPATH,PRODUCT_IMG,PRODUCT_THUMBNAIL,PRODUCT_CONTENT,PRODUCT_REGDATE) values ('AA0354','틴트 2','누오보',50000,54,'\resources\product\2020\12\30','\M_831f46ca-9f80-4ead-8c52-098e63a2f306_SNEAKERS_2.jpg','\S_831f46ca-9f80-4ead-8c52-098e63a2f306_SNEAKERS_2.jpg','\C_831f46ca-9f80-4ead-8c52-098e63a2f306_SNEAKERS_2.jpg',to_date('20/12/30','RR/MM/DD'));
Insert into HKL.PRODUCT (PRODUCT_CODE,PRODUCT_NAME,PRODUCT_BRAND,PRODUCT_PRICE,PRODUCT_TYPE,PRODUCT_IMGPATH,PRODUCT_IMG,PRODUCT_THUMBNAIL,PRODUCT_CONTENT,PRODUCT_REGDATE) values ('AA0454','루이','호킨스',50000,54,'\resources\product\2020\12\30','\M_83ae9a1f-c24f-455d-b68a-ee5cee4f65fd_SNEAKERS_31.jpg','\S_83ae9a1f-c24f-455d-b68a-ee5cee4f65fd_SNEAKERS_31.jpg','\C_83ae9a1f-c24f-455d-b68a-ee5cee4f65fd_SNEAKERS_31.jpg',to_date('20/12/30','RR/MM/DD'));
Insert into HKL.PRODUCT (PRODUCT_CODE,PRODUCT_NAME,PRODUCT_BRAND,PRODUCT_PRICE,PRODUCT_TYPE,PRODUCT_IMGPATH,PRODUCT_IMG,PRODUCT_THUMBNAIL,PRODUCT_CONTENT,PRODUCT_REGDATE) values ('AA0554','엔나','호킨스',50000,54,'\resources\product\2020\12\30','\M_19adb805-7728-4d64-8928-c83826a3deff_SNEAKERS_25.jpg','\S_19adb805-7728-4d64-8928-c83826a3deff_SNEAKERS_25.jpg','\C_19adb805-7728-4d64-8928-c83826a3deff_SNEAKERS_25.jpg',to_date('20/12/30','RR/MM/DD'));
Insert into HKL.PRODUCT (PRODUCT_CODE,PRODUCT_NAME,PRODUCT_BRAND,PRODUCT_PRICE,PRODUCT_TYPE,PRODUCT_IMGPATH,PRODUCT_IMG,PRODUCT_THUMBNAIL,PRODUCT_CONTENT,PRODUCT_REGDATE) values ('AA0654','풀라','호킨스',50000,54,'\resources\product\2020\12\30','\M_5dc1027e-c3b5-451b-8a94-02ec741a15ae_SNEAKERS_24.jpg','\S_5dc1027e-c3b5-451b-8a94-02ec741a15ae_SNEAKERS_24.jpg','\C_5dc1027e-c3b5-451b-8a94-02ec741a15ae_SNEAKERS_24.jpg',to_date('20/12/30','RR/MM/DD'));

Insert into HKL.STOCK (STOCK_PRODUCT_CODE,STOCK_290,STOCK_295,STOCK_240,STOCK_245,STOCK_250,STOCK_255,STOCK_260,STOCK_265,STOCK_270,STOCK_275,STOCK_280,STOCK_285) values ('AA1172',0,0,0,0,0,0,0,0,0,0,0,0);
Insert into HKL.STOCK (STOCK_PRODUCT_CODE,STOCK_290,STOCK_295,STOCK_240,STOCK_245,STOCK_250,STOCK_255,STOCK_260,STOCK_265,STOCK_270,STOCK_275,STOCK_280,STOCK_285) values ('AA0111',3,3,6,3,3,3,3,3,3,3,3,3);
Insert into HKL.STOCK (STOCK_PRODUCT_CODE,STOCK_290,STOCK_295,STOCK_240,STOCK_245,STOCK_250,STOCK_255,STOCK_260,STOCK_265,STOCK_270,STOCK_275,STOCK_280,STOCK_285) values ('AA0211',1,1,1,1,1,1,1,1,1,1,1,1);
Insert into HKL.STOCK (STOCK_PRODUCT_CODE,STOCK_290,STOCK_295,STOCK_240,STOCK_245,STOCK_250,STOCK_255,STOCK_260,STOCK_265,STOCK_270,STOCK_275,STOCK_280,STOCK_285) values ('AA0311',1,1,1,1,1,1,1,1,1,1,1,1);
Insert into HKL.STOCK (STOCK_PRODUCT_CODE,STOCK_290,STOCK_295,STOCK_240,STOCK_245,STOCK_250,STOCK_255,STOCK_260,STOCK_265,STOCK_270,STOCK_275,STOCK_280,STOCK_285) values ('AA0411',1,1,1,1,1,1,1,1,1,1,1,1);
Insert into HKL.STOCK (STOCK_PRODUCT_CODE,STOCK_290,STOCK_295,STOCK_240,STOCK_245,STOCK_250,STOCK_255,STOCK_260,STOCK_265,STOCK_270,STOCK_275,STOCK_280,STOCK_285) values ('AA0511',1,1,1,1,1,1,1,1,1,1,1,1);
Insert into HKL.STOCK (STOCK_PRODUCT_CODE,STOCK_290,STOCK_295,STOCK_240,STOCK_245,STOCK_250,STOCK_255,STOCK_260,STOCK_265,STOCK_270,STOCK_275,STOCK_280,STOCK_285) values ('AA0611',1,1,1,1,1,1,1,1,1,1,1,1);
Insert into HKL.STOCK (STOCK_PRODUCT_CODE,STOCK_290,STOCK_295,STOCK_240,STOCK_245,STOCK_250,STOCK_255,STOCK_260,STOCK_265,STOCK_270,STOCK_275,STOCK_280,STOCK_285) values ('AA0711',1,1,1,1,1,1,1,1,1,1,1,1);
Insert into HKL.STOCK (STOCK_PRODUCT_CODE,STOCK_290,STOCK_295,STOCK_240,STOCK_245,STOCK_250,STOCK_255,STOCK_260,STOCK_265,STOCK_270,STOCK_275,STOCK_280,STOCK_285) values ('AA0811',1,1,1,1,1,1,1,1,1,1,1,1);
Insert into HKL.STOCK (STOCK_PRODUCT_CODE,STOCK_290,STOCK_295,STOCK_240,STOCK_245,STOCK_250,STOCK_255,STOCK_260,STOCK_265,STOCK_270,STOCK_275,STOCK_280,STOCK_285) values ('AA0911',1,1,1,1,1,1,1,1,1,1,1,1);
Insert into HKL.STOCK (STOCK_PRODUCT_CODE,STOCK_290,STOCK_295,STOCK_240,STOCK_245,STOCK_250,STOCK_255,STOCK_260,STOCK_265,STOCK_270,STOCK_275,STOCK_280,STOCK_285) values ('AA1011',1,1,1,1,1,1,1,1,1,1,1,1);
Insert into HKL.STOCK (STOCK_PRODUCT_CODE,STOCK_290,STOCK_295,STOCK_240,STOCK_245,STOCK_250,STOCK_255,STOCK_260,STOCK_265,STOCK_270,STOCK_275,STOCK_280,STOCK_285) values ('AA1111',1,1,1,1,1,1,1,1,1,1,1,1);
Insert into HKL.STOCK (STOCK_PRODUCT_CODE,STOCK_290,STOCK_295,STOCK_240,STOCK_245,STOCK_250,STOCK_255,STOCK_260,STOCK_265,STOCK_270,STOCK_275,STOCK_280,STOCK_285) values ('AA1211',1,1,1,1,1,1,1,1,1,1,1,1);
Insert into HKL.STOCK (STOCK_PRODUCT_CODE,STOCK_290,STOCK_295,STOCK_240,STOCK_245,STOCK_250,STOCK_255,STOCK_260,STOCK_265,STOCK_270,STOCK_275,STOCK_280,STOCK_285) values ('AA1311',1,1,1,1,1,1,1,1,1,1,1,1);
Insert into HKL.STOCK (STOCK_PRODUCT_CODE,STOCK_290,STOCK_295,STOCK_240,STOCK_245,STOCK_250,STOCK_255,STOCK_260,STOCK_265,STOCK_270,STOCK_275,STOCK_280,STOCK_285) values ('AA1411',1,1,1,1,1,1,1,1,1,1,1,1);
Insert into HKL.STOCK (STOCK_PRODUCT_CODE,STOCK_290,STOCK_295,STOCK_240,STOCK_245,STOCK_250,STOCK_255,STOCK_260,STOCK_265,STOCK_270,STOCK_275,STOCK_280,STOCK_285) values ('AA1511',1,1,1,1,1,1,1,1,1,1,1,1);
Insert into HKL.STOCK (STOCK_PRODUCT_CODE,STOCK_290,STOCK_295,STOCK_240,STOCK_245,STOCK_250,STOCK_255,STOCK_260,STOCK_265,STOCK_270,STOCK_275,STOCK_280,STOCK_285) values ('AA1611',1,1,1,1,1,1,1,1,1,1,1,1);
Insert into HKL.STOCK (STOCK_PRODUCT_CODE,STOCK_290,STOCK_295,STOCK_240,STOCK_245,STOCK_250,STOCK_255,STOCK_260,STOCK_265,STOCK_270,STOCK_275,STOCK_280,STOCK_285) values ('AA1711',1,1,1,1,1,1,1,1,1,1,1,1);
Insert into HKL.STOCK (STOCK_PRODUCT_CODE,STOCK_290,STOCK_295,STOCK_240,STOCK_245,STOCK_250,STOCK_255,STOCK_260,STOCK_265,STOCK_270,STOCK_275,STOCK_280,STOCK_285) values ('AA1811',1,1,1,1,1,1,1,1,1,1,1,1);
Insert into HKL.STOCK (STOCK_PRODUCT_CODE,STOCK_290,STOCK_295,STOCK_240,STOCK_245,STOCK_250,STOCK_255,STOCK_260,STOCK_265,STOCK_270,STOCK_275,STOCK_280,STOCK_285) values ('AA1911',1,1,1,1,1,1,1,1,1,1,1,1);
Insert into HKL.STOCK (STOCK_PRODUCT_CODE,STOCK_290,STOCK_295,STOCK_240,STOCK_245,STOCK_250,STOCK_255,STOCK_260,STOCK_265,STOCK_270,STOCK_275,STOCK_280,STOCK_285) values ('AA2011',1,1,1,1,1,1,1,1,1,1,1,1);
Insert into HKL.STOCK (STOCK_PRODUCT_CODE,STOCK_290,STOCK_295,STOCK_240,STOCK_245,STOCK_250,STOCK_255,STOCK_260,STOCK_265,STOCK_270,STOCK_275,STOCK_280,STOCK_285) values ('AA2111',1,1,1,1,1,1,1,1,1,1,1,1);
Insert into HKL.STOCK (STOCK_PRODUCT_CODE,STOCK_290,STOCK_295,STOCK_240,STOCK_245,STOCK_250,STOCK_255,STOCK_260,STOCK_265,STOCK_270,STOCK_275,STOCK_280,STOCK_285) values ('AA2211',1,1,1,1,1,1,1,1,1,1,1,1);
Insert into HKL.STOCK (STOCK_PRODUCT_CODE,STOCK_290,STOCK_295,STOCK_240,STOCK_245,STOCK_250,STOCK_255,STOCK_260,STOCK_265,STOCK_270,STOCK_275,STOCK_280,STOCK_285) values ('AA0113',1,1,1,1,1,1,1,1,1,1,1,1);
Insert into HKL.STOCK (STOCK_PRODUCT_CODE,STOCK_290,STOCK_295,STOCK_240,STOCK_245,STOCK_250,STOCK_255,STOCK_260,STOCK_265,STOCK_270,STOCK_275,STOCK_280,STOCK_285) values ('AA0213',1,1,1,1,1,1,1,1,1,1,1,1);
Insert into HKL.STOCK (STOCK_PRODUCT_CODE,STOCK_290,STOCK_295,STOCK_240,STOCK_245,STOCK_250,STOCK_255,STOCK_260,STOCK_265,STOCK_270,STOCK_275,STOCK_280,STOCK_285) values ('AA0313',1,1,1,1,1,1,1,1,1,1,1,1);
Insert into HKL.STOCK (STOCK_PRODUCT_CODE,STOCK_290,STOCK_295,STOCK_240,STOCK_245,STOCK_250,STOCK_255,STOCK_260,STOCK_265,STOCK_270,STOCK_275,STOCK_280,STOCK_285) values ('AA0413',1,1,1,1,1,1,1,1,1,1,1,1);
Insert into HKL.STOCK (STOCK_PRODUCT_CODE,STOCK_290,STOCK_295,STOCK_240,STOCK_245,STOCK_250,STOCK_255,STOCK_260,STOCK_265,STOCK_270,STOCK_275,STOCK_280,STOCK_285) values ('AA0513',1,1,1,1,1,1,1,1,1,1,1,1);
Insert into HKL.STOCK (STOCK_PRODUCT_CODE,STOCK_290,STOCK_295,STOCK_240,STOCK_245,STOCK_250,STOCK_255,STOCK_260,STOCK_265,STOCK_270,STOCK_275,STOCK_280,STOCK_285) values ('AA0613',0,0,0,0,0,0,0,0,0,0,0,0);
Insert into HKL.STOCK (STOCK_PRODUCT_CODE,STOCK_290,STOCK_295,STOCK_240,STOCK_245,STOCK_250,STOCK_255,STOCK_260,STOCK_265,STOCK_270,STOCK_275,STOCK_280,STOCK_285) values ('AA0713',1,0,0,0,1,0,0,0,0,0,0,0);
Insert into HKL.STOCK (STOCK_PRODUCT_CODE,STOCK_290,STOCK_295,STOCK_240,STOCK_245,STOCK_250,STOCK_255,STOCK_260,STOCK_265,STOCK_270,STOCK_275,STOCK_280,STOCK_285) values ('AA0813',0,0,0,0,0,0,0,0,0,0,0,0);
Insert into HKL.STOCK (STOCK_PRODUCT_CODE,STOCK_290,STOCK_295,STOCK_240,STOCK_245,STOCK_250,STOCK_255,STOCK_260,STOCK_265,STOCK_270,STOCK_275,STOCK_280,STOCK_285) values ('AA0913',0,0,0,0,0,0,0,0,0,0,0,0);
Insert into HKL.STOCK (STOCK_PRODUCT_CODE,STOCK_290,STOCK_295,STOCK_240,STOCK_245,STOCK_250,STOCK_255,STOCK_260,STOCK_265,STOCK_270,STOCK_275,STOCK_280,STOCK_285) values ('AA1013',0,0,0,0,0,0,0,0,0,0,0,0);
Insert into HKL.STOCK (STOCK_PRODUCT_CODE,STOCK_290,STOCK_295,STOCK_240,STOCK_245,STOCK_250,STOCK_255,STOCK_260,STOCK_265,STOCK_270,STOCK_275,STOCK_280,STOCK_285) values ('AA1113',0,0,0,0,0,0,0,0,0,0,0,0);
Insert into HKL.STOCK (STOCK_PRODUCT_CODE,STOCK_290,STOCK_295,STOCK_240,STOCK_245,STOCK_250,STOCK_255,STOCK_260,STOCK_265,STOCK_270,STOCK_275,STOCK_280,STOCK_285) values ('AA1213',0,0,0,0,0,0,0,0,0,0,0,0);
Insert into HKL.STOCK (STOCK_PRODUCT_CODE,STOCK_290,STOCK_295,STOCK_240,STOCK_245,STOCK_250,STOCK_255,STOCK_260,STOCK_265,STOCK_270,STOCK_275,STOCK_280,STOCK_285) values ('AA1313',0,0,0,0,0,0,0,0,0,0,0,0);
Insert into HKL.STOCK (STOCK_PRODUCT_CODE,STOCK_290,STOCK_295,STOCK_240,STOCK_245,STOCK_250,STOCK_255,STOCK_260,STOCK_265,STOCK_270,STOCK_275,STOCK_280,STOCK_285) values ('AA1413',0,0,0,0,0,0,0,0,0,0,0,0);
Insert into HKL.STOCK (STOCK_PRODUCT_CODE,STOCK_290,STOCK_295,STOCK_240,STOCK_245,STOCK_250,STOCK_255,STOCK_260,STOCK_265,STOCK_270,STOCK_275,STOCK_280,STOCK_285) values ('AA1513',0,0,0,0,0,0,0,0,0,0,0,0);
Insert into HKL.STOCK (STOCK_PRODUCT_CODE,STOCK_290,STOCK_295,STOCK_240,STOCK_245,STOCK_250,STOCK_255,STOCK_260,STOCK_265,STOCK_270,STOCK_275,STOCK_280,STOCK_285) values ('AA1613',0,0,0,0,0,0,0,0,0,0,0,0);
Insert into HKL.STOCK (STOCK_PRODUCT_CODE,STOCK_290,STOCK_295,STOCK_240,STOCK_245,STOCK_250,STOCK_255,STOCK_260,STOCK_265,STOCK_270,STOCK_275,STOCK_280,STOCK_285) values ('AA1713',0,0,0,0,0,0,0,0,0,0,0,0);
Insert into HKL.STOCK (STOCK_PRODUCT_CODE,STOCK_290,STOCK_295,STOCK_240,STOCK_245,STOCK_250,STOCK_255,STOCK_260,STOCK_265,STOCK_270,STOCK_275,STOCK_280,STOCK_285) values ('AA1813',0,0,0,0,0,0,0,0,0,0,0,0);
Insert into HKL.STOCK (STOCK_PRODUCT_CODE,STOCK_290,STOCK_295,STOCK_240,STOCK_245,STOCK_250,STOCK_255,STOCK_260,STOCK_265,STOCK_270,STOCK_275,STOCK_280,STOCK_285) values ('AA1913',0,0,0,0,0,0,0,0,0,0,0,0);
Insert into HKL.STOCK (STOCK_PRODUCT_CODE,STOCK_290,STOCK_295,STOCK_240,STOCK_245,STOCK_250,STOCK_255,STOCK_260,STOCK_265,STOCK_270,STOCK_275,STOCK_280,STOCK_285) values ('AA0112',0,0,0,0,0,0,0,0,0,0,0,0);
Insert into HKL.STOCK (STOCK_PRODUCT_CODE,STOCK_290,STOCK_295,STOCK_240,STOCK_245,STOCK_250,STOCK_255,STOCK_260,STOCK_265,STOCK_270,STOCK_275,STOCK_280,STOCK_285) values ('AA0212',0,0,0,0,0,0,0,0,0,0,0,0);
Insert into HKL.STOCK (STOCK_PRODUCT_CODE,STOCK_290,STOCK_295,STOCK_240,STOCK_245,STOCK_250,STOCK_255,STOCK_260,STOCK_265,STOCK_270,STOCK_275,STOCK_280,STOCK_285) values ('AA0312',0,0,0,0,0,0,0,0,0,0,0,0);
Insert into HKL.STOCK (STOCK_PRODUCT_CODE,STOCK_290,STOCK_295,STOCK_240,STOCK_245,STOCK_250,STOCK_255,STOCK_260,STOCK_265,STOCK_270,STOCK_275,STOCK_280,STOCK_285) values ('AA0412',0,0,0,0,0,0,0,0,0,0,0,0);
Insert into HKL.STOCK (STOCK_PRODUCT_CODE,STOCK_290,STOCK_295,STOCK_240,STOCK_245,STOCK_250,STOCK_255,STOCK_260,STOCK_265,STOCK_270,STOCK_275,STOCK_280,STOCK_285) values ('AA0512',0,0,0,0,0,0,0,0,0,0,0,0);
Insert into HKL.STOCK (STOCK_PRODUCT_CODE,STOCK_290,STOCK_295,STOCK_240,STOCK_245,STOCK_250,STOCK_255,STOCK_260,STOCK_265,STOCK_270,STOCK_275,STOCK_280,STOCK_285) values ('AA0612',0,0,0,0,0,0,0,0,0,0,0,0);
Insert into HKL.STOCK (STOCK_PRODUCT_CODE,STOCK_290,STOCK_295,STOCK_240,STOCK_245,STOCK_250,STOCK_255,STOCK_260,STOCK_265,STOCK_270,STOCK_275,STOCK_280,STOCK_285) values ('AA0712',0,0,0,0,0,0,0,0,0,0,0,0);
Insert into HKL.STOCK (STOCK_PRODUCT_CODE,STOCK_290,STOCK_295,STOCK_240,STOCK_245,STOCK_250,STOCK_255,STOCK_260,STOCK_265,STOCK_270,STOCK_275,STOCK_280,STOCK_285) values ('AA0812',0,0,0,0,0,0,0,0,0,0,0,0);
Insert into HKL.STOCK (STOCK_PRODUCT_CODE,STOCK_290,STOCK_295,STOCK_240,STOCK_245,STOCK_250,STOCK_255,STOCK_260,STOCK_265,STOCK_270,STOCK_275,STOCK_280,STOCK_285) values ('AA0912',0,0,0,0,0,0,0,0,0,0,0,0);
Insert into HKL.STOCK (STOCK_PRODUCT_CODE,STOCK_290,STOCK_295,STOCK_240,STOCK_245,STOCK_250,STOCK_255,STOCK_260,STOCK_265,STOCK_270,STOCK_275,STOCK_280,STOCK_285) values ('AA1012',0,0,0,0,0,0,0,0,0,0,0,0);
Insert into HKL.STOCK (STOCK_PRODUCT_CODE,STOCK_290,STOCK_295,STOCK_240,STOCK_245,STOCK_250,STOCK_255,STOCK_260,STOCK_265,STOCK_270,STOCK_275,STOCK_280,STOCK_285) values ('AA1112',0,0,0,0,0,0,0,0,0,0,0,0);
Insert into HKL.STOCK (STOCK_PRODUCT_CODE,STOCK_290,STOCK_295,STOCK_240,STOCK_245,STOCK_250,STOCK_255,STOCK_260,STOCK_265,STOCK_270,STOCK_275,STOCK_280,STOCK_285) values ('AA1212',0,0,0,0,0,0,0,0,0,0,0,0);
Insert into HKL.STOCK (STOCK_PRODUCT_CODE,STOCK_290,STOCK_295,STOCK_240,STOCK_245,STOCK_250,STOCK_255,STOCK_260,STOCK_265,STOCK_270,STOCK_275,STOCK_280,STOCK_285) values ('AA0131',0,0,0,0,0,0,0,0,0,0,0,0);
Insert into HKL.STOCK (STOCK_PRODUCT_CODE,STOCK_290,STOCK_295,STOCK_240,STOCK_245,STOCK_250,STOCK_255,STOCK_260,STOCK_265,STOCK_270,STOCK_275,STOCK_280,STOCK_285) values ('AA0231',0,0,0,0,0,0,0,0,0,0,0,0);
Insert into HKL.STOCK (STOCK_PRODUCT_CODE,STOCK_290,STOCK_295,STOCK_240,STOCK_245,STOCK_250,STOCK_255,STOCK_260,STOCK_265,STOCK_270,STOCK_275,STOCK_280,STOCK_285) values ('AA0331',0,0,0,0,0,0,0,0,0,0,0,0);
Insert into HKL.STOCK (STOCK_PRODUCT_CODE,STOCK_290,STOCK_295,STOCK_240,STOCK_245,STOCK_250,STOCK_255,STOCK_260,STOCK_265,STOCK_270,STOCK_275,STOCK_280,STOCK_285) values ('AA0431',0,0,0,0,0,0,0,0,0,0,0,0);
Insert into HKL.STOCK (STOCK_PRODUCT_CODE,STOCK_290,STOCK_295,STOCK_240,STOCK_245,STOCK_250,STOCK_255,STOCK_260,STOCK_265,STOCK_270,STOCK_275,STOCK_280,STOCK_285) values ('AA0531',0,0,0,0,0,0,0,0,0,0,0,0);
Insert into HKL.STOCK (STOCK_PRODUCT_CODE,STOCK_290,STOCK_295,STOCK_240,STOCK_245,STOCK_250,STOCK_255,STOCK_260,STOCK_265,STOCK_270,STOCK_275,STOCK_280,STOCK_285) values ('AA0631',0,0,0,0,0,0,0,0,0,0,0,0);
Insert into HKL.STOCK (STOCK_PRODUCT_CODE,STOCK_290,STOCK_295,STOCK_240,STOCK_245,STOCK_250,STOCK_255,STOCK_260,STOCK_265,STOCK_270,STOCK_275,STOCK_280,STOCK_285) values ('AA0731',0,0,0,0,0,0,0,0,0,0,0,0);
Insert into HKL.STOCK (STOCK_PRODUCT_CODE,STOCK_290,STOCK_295,STOCK_240,STOCK_245,STOCK_250,STOCK_255,STOCK_260,STOCK_265,STOCK_270,STOCK_275,STOCK_280,STOCK_285) values ('AA0831',0,0,0,0,0,0,0,0,0,0,0,0);
Insert into HKL.STOCK (STOCK_PRODUCT_CODE,STOCK_290,STOCK_295,STOCK_240,STOCK_245,STOCK_250,STOCK_255,STOCK_260,STOCK_265,STOCK_270,STOCK_275,STOCK_280,STOCK_285) values ('AA0931',0,0,0,0,0,0,0,0,0,0,0,0);
Insert into HKL.STOCK (STOCK_PRODUCT_CODE,STOCK_290,STOCK_295,STOCK_240,STOCK_245,STOCK_250,STOCK_255,STOCK_260,STOCK_265,STOCK_270,STOCK_275,STOCK_280,STOCK_285) values ('AA1031',0,0,0,0,0,0,0,0,0,0,0,0);
Insert into HKL.STOCK (STOCK_PRODUCT_CODE,STOCK_290,STOCK_295,STOCK_240,STOCK_245,STOCK_250,STOCK_255,STOCK_260,STOCK_265,STOCK_270,STOCK_275,STOCK_280,STOCK_285) values ('AA1131',0,0,0,0,0,0,0,0,0,0,0,0);
Insert into HKL.STOCK (STOCK_PRODUCT_CODE,STOCK_290,STOCK_295,STOCK_240,STOCK_245,STOCK_250,STOCK_255,STOCK_260,STOCK_265,STOCK_270,STOCK_275,STOCK_280,STOCK_285) values ('AA1231',0,0,0,0,0,0,0,0,0,0,0,0);
Insert into HKL.STOCK (STOCK_PRODUCT_CODE,STOCK_290,STOCK_295,STOCK_240,STOCK_245,STOCK_250,STOCK_255,STOCK_260,STOCK_265,STOCK_270,STOCK_275,STOCK_280,STOCK_285) values ('AA1331',0,0,0,0,0,0,0,0,0,0,0,0);
Insert into HKL.STOCK (STOCK_PRODUCT_CODE,STOCK_290,STOCK_295,STOCK_240,STOCK_245,STOCK_250,STOCK_255,STOCK_260,STOCK_265,STOCK_270,STOCK_275,STOCK_280,STOCK_285) values ('AA1431',0,0,0,0,0,0,0,0,0,0,0,0);
Insert into HKL.STOCK (STOCK_PRODUCT_CODE,STOCK_290,STOCK_295,STOCK_240,STOCK_245,STOCK_250,STOCK_255,STOCK_260,STOCK_265,STOCK_270,STOCK_275,STOCK_280,STOCK_285) values ('AA1531',0,0,0,0,0,0,0,0,0,0,0,0);
Insert into HKL.STOCK (STOCK_PRODUCT_CODE,STOCK_290,STOCK_295,STOCK_240,STOCK_245,STOCK_250,STOCK_255,STOCK_260,STOCK_265,STOCK_270,STOCK_275,STOCK_280,STOCK_285) values ('AA1631',0,0,0,0,0,0,0,0,0,0,0,0);
Insert into HKL.STOCK (STOCK_PRODUCT_CODE,STOCK_290,STOCK_295,STOCK_240,STOCK_245,STOCK_250,STOCK_255,STOCK_260,STOCK_265,STOCK_270,STOCK_275,STOCK_280,STOCK_285) values ('AA1731',0,0,0,0,0,0,0,0,0,0,0,0);
Insert into HKL.STOCK (STOCK_PRODUCT_CODE,STOCK_290,STOCK_295,STOCK_240,STOCK_245,STOCK_250,STOCK_255,STOCK_260,STOCK_265,STOCK_270,STOCK_275,STOCK_280,STOCK_285) values ('AA1831',0,0,0,0,0,0,0,0,0,0,0,0);
Insert into HKL.STOCK (STOCK_PRODUCT_CODE,STOCK_290,STOCK_295,STOCK_240,STOCK_245,STOCK_250,STOCK_255,STOCK_260,STOCK_265,STOCK_270,STOCK_275,STOCK_280,STOCK_285) values ('AA0132',0,0,0,0,0,0,0,0,0,0,0,0);
Insert into HKL.STOCK (STOCK_PRODUCT_CODE,STOCK_290,STOCK_295,STOCK_240,STOCK_245,STOCK_250,STOCK_255,STOCK_260,STOCK_265,STOCK_270,STOCK_275,STOCK_280,STOCK_285) values ('AA0232',0,0,0,0,0,0,0,0,0,0,0,0);
Insert into HKL.STOCK (STOCK_PRODUCT_CODE,STOCK_290,STOCK_295,STOCK_240,STOCK_245,STOCK_250,STOCK_255,STOCK_260,STOCK_265,STOCK_270,STOCK_275,STOCK_280,STOCK_285) values ('AA0332',0,0,0,0,0,0,0,0,0,0,0,0);
Insert into HKL.STOCK (STOCK_PRODUCT_CODE,STOCK_290,STOCK_295,STOCK_240,STOCK_245,STOCK_250,STOCK_255,STOCK_260,STOCK_265,STOCK_270,STOCK_275,STOCK_280,STOCK_285) values ('AA0432',0,0,0,0,0,0,0,0,0,0,0,0);
Insert into HKL.STOCK (STOCK_PRODUCT_CODE,STOCK_290,STOCK_295,STOCK_240,STOCK_245,STOCK_250,STOCK_255,STOCK_260,STOCK_265,STOCK_270,STOCK_275,STOCK_280,STOCK_285) values ('AA0532',0,0,0,0,0,0,0,0,0,0,0,0);
Insert into HKL.STOCK (STOCK_PRODUCT_CODE,STOCK_290,STOCK_295,STOCK_240,STOCK_245,STOCK_250,STOCK_255,STOCK_260,STOCK_265,STOCK_270,STOCK_275,STOCK_280,STOCK_285) values ('AA0632',0,0,0,0,0,0,0,0,0,0,0,0);
Insert into HKL.STOCK (STOCK_PRODUCT_CODE,STOCK_290,STOCK_295,STOCK_240,STOCK_245,STOCK_250,STOCK_255,STOCK_260,STOCK_265,STOCK_270,STOCK_275,STOCK_280,STOCK_285) values ('AA0732',0,0,0,0,0,0,0,0,0,0,0,0);
Insert into HKL.STOCK (STOCK_PRODUCT_CODE,STOCK_290,STOCK_295,STOCK_240,STOCK_245,STOCK_250,STOCK_255,STOCK_260,STOCK_265,STOCK_270,STOCK_275,STOCK_280,STOCK_285) values ('AA0832',0,0,0,0,0,0,0,0,0,0,0,0);
Insert into HKL.STOCK (STOCK_PRODUCT_CODE,STOCK_290,STOCK_295,STOCK_240,STOCK_245,STOCK_250,STOCK_255,STOCK_260,STOCK_265,STOCK_270,STOCK_275,STOCK_280,STOCK_285) values ('AA0932',0,0,0,0,0,0,0,0,0,0,0,0);
Insert into HKL.STOCK (STOCK_PRODUCT_CODE,STOCK_290,STOCK_295,STOCK_240,STOCK_245,STOCK_250,STOCK_255,STOCK_260,STOCK_265,STOCK_270,STOCK_275,STOCK_280,STOCK_285) values ('AA1032',0,0,0,0,0,0,0,0,0,0,0,0);
Insert into HKL.STOCK (STOCK_PRODUCT_CODE,STOCK_290,STOCK_295,STOCK_240,STOCK_245,STOCK_250,STOCK_255,STOCK_260,STOCK_265,STOCK_270,STOCK_275,STOCK_280,STOCK_285) values ('AA0133',0,0,0,0,0,0,0,0,0,0,0,0);
Insert into HKL.STOCK (STOCK_PRODUCT_CODE,STOCK_290,STOCK_295,STOCK_240,STOCK_245,STOCK_250,STOCK_255,STOCK_260,STOCK_265,STOCK_270,STOCK_275,STOCK_280,STOCK_285) values ('AA0233',0,0,0,0,0,0,0,0,0,0,0,0);
Insert into HKL.STOCK (STOCK_PRODUCT_CODE,STOCK_290,STOCK_295,STOCK_240,STOCK_245,STOCK_250,STOCK_255,STOCK_260,STOCK_265,STOCK_270,STOCK_275,STOCK_280,STOCK_285) values ('AA0333',0,0,0,0,0,0,0,0,0,0,0,0);
Insert into HKL.STOCK (STOCK_PRODUCT_CODE,STOCK_290,STOCK_295,STOCK_240,STOCK_245,STOCK_250,STOCK_255,STOCK_260,STOCK_265,STOCK_270,STOCK_275,STOCK_280,STOCK_285) values ('AA0433',0,0,0,0,0,0,0,0,0,0,0,0);
Insert into HKL.STOCK (STOCK_PRODUCT_CODE,STOCK_290,STOCK_295,STOCK_240,STOCK_245,STOCK_250,STOCK_255,STOCK_260,STOCK_265,STOCK_270,STOCK_275,STOCK_280,STOCK_285) values ('AA0533',0,0,0,0,0,0,0,0,0,0,0,0);
Insert into HKL.STOCK (STOCK_PRODUCT_CODE,STOCK_290,STOCK_295,STOCK_240,STOCK_245,STOCK_250,STOCK_255,STOCK_260,STOCK_265,STOCK_270,STOCK_275,STOCK_280,STOCK_285) values ('AA0633',0,0,0,0,0,0,0,0,0,0,0,0);
Insert into HKL.STOCK (STOCK_PRODUCT_CODE,STOCK_290,STOCK_295,STOCK_240,STOCK_245,STOCK_250,STOCK_255,STOCK_260,STOCK_265,STOCK_270,STOCK_275,STOCK_280,STOCK_285) values ('AA0733',0,0,0,0,0,0,0,0,0,0,0,0);
Insert into HKL.STOCK (STOCK_PRODUCT_CODE,STOCK_290,STOCK_295,STOCK_240,STOCK_245,STOCK_250,STOCK_255,STOCK_260,STOCK_265,STOCK_270,STOCK_275,STOCK_280,STOCK_285) values ('AA0833',0,0,0,0,0,0,0,0,0,0,0,0);
Insert into HKL.STOCK (STOCK_PRODUCT_CODE,STOCK_290,STOCK_295,STOCK_240,STOCK_245,STOCK_250,STOCK_255,STOCK_260,STOCK_265,STOCK_270,STOCK_275,STOCK_280,STOCK_285) values ('AA0933',0,0,0,0,0,0,0,0,0,0,0,0);
Insert into HKL.STOCK (STOCK_PRODUCT_CODE,STOCK_290,STOCK_295,STOCK_240,STOCK_245,STOCK_250,STOCK_255,STOCK_260,STOCK_265,STOCK_270,STOCK_275,STOCK_280,STOCK_285) values ('AA1033',0,0,0,0,0,0,0,0,0,0,0,0);
Insert into HKL.STOCK (STOCK_PRODUCT_CODE,STOCK_290,STOCK_295,STOCK_240,STOCK_245,STOCK_250,STOCK_255,STOCK_260,STOCK_265,STOCK_270,STOCK_275,STOCK_280,STOCK_285) values ('AA1133',0,0,0,0,0,0,0,0,0,0,0,0);
Insert into HKL.STOCK (STOCK_PRODUCT_CODE,STOCK_290,STOCK_295,STOCK_240,STOCK_245,STOCK_250,STOCK_255,STOCK_260,STOCK_265,STOCK_270,STOCK_275,STOCK_280,STOCK_285) values ('AA1233',0,0,0,0,0,0,0,0,0,0,0,0);
Insert into HKL.STOCK (STOCK_PRODUCT_CODE,STOCK_290,STOCK_295,STOCK_240,STOCK_245,STOCK_250,STOCK_255,STOCK_260,STOCK_265,STOCK_270,STOCK_275,STOCK_280,STOCK_285) values ('AA1333',0,0,0,0,0,0,0,0,0,0,0,0);
Insert into HKL.STOCK (STOCK_PRODUCT_CODE,STOCK_290,STOCK_295,STOCK_240,STOCK_245,STOCK_250,STOCK_255,STOCK_260,STOCK_265,STOCK_270,STOCK_275,STOCK_280,STOCK_285) values ('AA1433',0,0,0,0,0,0,0,0,0,0,0,0);
Insert into HKL.STOCK (STOCK_PRODUCT_CODE,STOCK_290,STOCK_295,STOCK_240,STOCK_245,STOCK_250,STOCK_255,STOCK_260,STOCK_265,STOCK_270,STOCK_275,STOCK_280,STOCK_285) values ('AA0172',0,0,0,0,0,0,0,0,0,0,0,0);
Insert into HKL.STOCK (STOCK_PRODUCT_CODE,STOCK_290,STOCK_295,STOCK_240,STOCK_245,STOCK_250,STOCK_255,STOCK_260,STOCK_265,STOCK_270,STOCK_275,STOCK_280,STOCK_285) values ('AA0272',0,0,0,0,0,0,0,0,0,0,0,0);
Insert into HKL.STOCK (STOCK_PRODUCT_CODE,STOCK_290,STOCK_295,STOCK_240,STOCK_245,STOCK_250,STOCK_255,STOCK_260,STOCK_265,STOCK_270,STOCK_275,STOCK_280,STOCK_285) values ('AA0372',0,0,0,0,0,0,0,0,0,0,0,0);
Insert into HKL.STOCK (STOCK_PRODUCT_CODE,STOCK_290,STOCK_295,STOCK_240,STOCK_245,STOCK_250,STOCK_255,STOCK_260,STOCK_265,STOCK_270,STOCK_275,STOCK_280,STOCK_285) values ('AA0472',0,0,0,0,0,0,0,0,0,0,0,0);
Insert into HKL.STOCK (STOCK_PRODUCT_CODE,STOCK_290,STOCK_295,STOCK_240,STOCK_245,STOCK_250,STOCK_255,STOCK_260,STOCK_265,STOCK_270,STOCK_275,STOCK_280,STOCK_285) values ('AA0572',0,0,0,0,0,0,0,0,0,0,0,0);
Insert into HKL.STOCK (STOCK_PRODUCT_CODE,STOCK_290,STOCK_295,STOCK_240,STOCK_245,STOCK_250,STOCK_255,STOCK_260,STOCK_265,STOCK_270,STOCK_275,STOCK_280,STOCK_285) values ('AA0672',0,0,0,0,0,0,0,0,0,0,0,0);
Insert into HKL.STOCK (STOCK_PRODUCT_CODE,STOCK_290,STOCK_295,STOCK_240,STOCK_245,STOCK_250,STOCK_255,STOCK_260,STOCK_265,STOCK_270,STOCK_275,STOCK_280,STOCK_285) values ('AA0772',0,0,0,0,0,0,0,0,0,0,0,0);
Insert into HKL.STOCK (STOCK_PRODUCT_CODE,STOCK_290,STOCK_295,STOCK_240,STOCK_245,STOCK_250,STOCK_255,STOCK_260,STOCK_265,STOCK_270,STOCK_275,STOCK_280,STOCK_285) values ('AA0872',0,0,0,0,0,0,0,0,0,0,0,0);
Insert into HKL.STOCK (STOCK_PRODUCT_CODE,STOCK_290,STOCK_295,STOCK_240,STOCK_245,STOCK_250,STOCK_255,STOCK_260,STOCK_265,STOCK_270,STOCK_275,STOCK_280,STOCK_285) values ('AA0972',0,0,0,0,0,0,0,0,0,0,0,0);
Insert into HKL.STOCK (STOCK_PRODUCT_CODE,STOCK_290,STOCK_295,STOCK_240,STOCK_245,STOCK_250,STOCK_255,STOCK_260,STOCK_265,STOCK_270,STOCK_275,STOCK_280,STOCK_285) values ('AA1072',0,0,0,0,0,0,0,0,0,0,0,0);
Insert into HKL.STOCK (STOCK_PRODUCT_CODE,STOCK_290,STOCK_295,STOCK_240,STOCK_245,STOCK_250,STOCK_255,STOCK_260,STOCK_265,STOCK_270,STOCK_275,STOCK_280,STOCK_285) values ('AA1272',0,0,0,0,0,0,0,0,0,0,0,0);
Insert into HKL.STOCK (STOCK_PRODUCT_CODE,STOCK_290,STOCK_295,STOCK_240,STOCK_245,STOCK_250,STOCK_255,STOCK_260,STOCK_265,STOCK_270,STOCK_275,STOCK_280,STOCK_285) values ('AA1372',0,0,0,0,0,0,0,0,0,0,0,0);
Insert into HKL.STOCK (STOCK_PRODUCT_CODE,STOCK_290,STOCK_295,STOCK_240,STOCK_245,STOCK_250,STOCK_255,STOCK_260,STOCK_265,STOCK_270,STOCK_275,STOCK_280,STOCK_285) values ('AA1472',0,0,0,0,0,0,0,0,0,0,0,0);
Insert into HKL.STOCK (STOCK_PRODUCT_CODE,STOCK_290,STOCK_295,STOCK_240,STOCK_245,STOCK_250,STOCK_255,STOCK_260,STOCK_265,STOCK_270,STOCK_275,STOCK_280,STOCK_285) values ('AA1572',0,0,0,0,0,0,0,0,0,0,0,0);
Insert into HKL.STOCK (STOCK_PRODUCT_CODE,STOCK_290,STOCK_295,STOCK_240,STOCK_245,STOCK_250,STOCK_255,STOCK_260,STOCK_265,STOCK_270,STOCK_275,STOCK_280,STOCK_285) values ('AA1672',0,0,0,0,0,0,0,0,0,0,0,0);
Insert into HKL.STOCK (STOCK_PRODUCT_CODE,STOCK_290,STOCK_295,STOCK_240,STOCK_245,STOCK_250,STOCK_255,STOCK_260,STOCK_265,STOCK_270,STOCK_275,STOCK_280,STOCK_285) values ('AA1772',0,0,0,0,0,0,0,0,0,0,0,0);
Insert into HKL.STOCK (STOCK_PRODUCT_CODE,STOCK_290,STOCK_295,STOCK_240,STOCK_245,STOCK_250,STOCK_255,STOCK_260,STOCK_265,STOCK_270,STOCK_275,STOCK_280,STOCK_285) values ('AA1872',0,0,0,0,0,0,0,0,0,0,0,0);
Insert into HKL.STOCK (STOCK_PRODUCT_CODE,STOCK_290,STOCK_295,STOCK_240,STOCK_245,STOCK_250,STOCK_255,STOCK_260,STOCK_265,STOCK_270,STOCK_275,STOCK_280,STOCK_285) values ('AA1972',0,0,0,0,0,0,0,0,0,0,0,0);
Insert into HKL.STOCK (STOCK_PRODUCT_CODE,STOCK_290,STOCK_295,STOCK_240,STOCK_245,STOCK_250,STOCK_255,STOCK_260,STOCK_265,STOCK_270,STOCK_275,STOCK_280,STOCK_285) values ('AA2072',0,0,0,0,0,0,0,0,0,0,0,0);
Insert into HKL.STOCK (STOCK_PRODUCT_CODE,STOCK_290,STOCK_295,STOCK_240,STOCK_245,STOCK_250,STOCK_255,STOCK_260,STOCK_265,STOCK_270,STOCK_275,STOCK_280,STOCK_285) values ('AA2172',0,0,0,0,0,0,0,0,0,0,0,0);
Insert into HKL.STOCK (STOCK_PRODUCT_CODE,STOCK_290,STOCK_295,STOCK_240,STOCK_245,STOCK_250,STOCK_255,STOCK_260,STOCK_265,STOCK_270,STOCK_275,STOCK_280,STOCK_285) values ('AA2272',0,0,0,0,0,0,0,0,0,0,0,0);
Insert into HKL.STOCK (STOCK_PRODUCT_CODE,STOCK_290,STOCK_295,STOCK_240,STOCK_245,STOCK_250,STOCK_255,STOCK_260,STOCK_265,STOCK_270,STOCK_275,STOCK_280,STOCK_285) values ('AA0171',0,0,0,0,0,0,0,0,0,0,0,0);
Insert into HKL.STOCK (STOCK_PRODUCT_CODE,STOCK_290,STOCK_295,STOCK_240,STOCK_245,STOCK_250,STOCK_255,STOCK_260,STOCK_265,STOCK_270,STOCK_275,STOCK_280,STOCK_285) values ('AA0271',0,0,0,0,0,0,0,0,0,0,0,0);
Insert into HKL.STOCK (STOCK_PRODUCT_CODE,STOCK_290,STOCK_295,STOCK_240,STOCK_245,STOCK_250,STOCK_255,STOCK_260,STOCK_265,STOCK_270,STOCK_275,STOCK_280,STOCK_285) values ('AA0371',0,0,0,0,0,0,0,0,0,0,0,0);
Insert into HKL.STOCK (STOCK_PRODUCT_CODE,STOCK_290,STOCK_295,STOCK_240,STOCK_245,STOCK_250,STOCK_255,STOCK_260,STOCK_265,STOCK_270,STOCK_275,STOCK_280,STOCK_285) values ('AA0471',0,0,0,0,0,0,0,0,0,0,0,0);
Insert into HKL.STOCK (STOCK_PRODUCT_CODE,STOCK_290,STOCK_295,STOCK_240,STOCK_245,STOCK_250,STOCK_255,STOCK_260,STOCK_265,STOCK_270,STOCK_275,STOCK_280,STOCK_285) values ('AA0571',0,0,0,0,0,0,0,0,0,0,0,0);
Insert into HKL.STOCK (STOCK_PRODUCT_CODE,STOCK_290,STOCK_295,STOCK_240,STOCK_245,STOCK_250,STOCK_255,STOCK_260,STOCK_265,STOCK_270,STOCK_275,STOCK_280,STOCK_285) values ('AA0671',0,0,0,0,0,0,0,0,0,0,0,0);
Insert into HKL.STOCK (STOCK_PRODUCT_CODE,STOCK_290,STOCK_295,STOCK_240,STOCK_245,STOCK_250,STOCK_255,STOCK_260,STOCK_265,STOCK_270,STOCK_275,STOCK_280,STOCK_285) values ('AA0771',0,0,0,0,0,0,0,0,0,0,0,0);
Insert into HKL.STOCK (STOCK_PRODUCT_CODE,STOCK_290,STOCK_295,STOCK_240,STOCK_245,STOCK_250,STOCK_255,STOCK_260,STOCK_265,STOCK_270,STOCK_275,STOCK_280,STOCK_285) values ('AA0871',0,0,0,0,0,0,0,0,0,0,0,0);
Insert into HKL.STOCK (STOCK_PRODUCT_CODE,STOCK_290,STOCK_295,STOCK_240,STOCK_245,STOCK_250,STOCK_255,STOCK_260,STOCK_265,STOCK_270,STOCK_275,STOCK_280,STOCK_285) values ('AA0971',0,0,0,0,0,0,0,0,0,0,0,0);
Insert into HKL.STOCK (STOCK_PRODUCT_CODE,STOCK_290,STOCK_295,STOCK_240,STOCK_245,STOCK_250,STOCK_255,STOCK_260,STOCK_265,STOCK_270,STOCK_275,STOCK_280,STOCK_285) values ('AA1071',0,0,0,0,0,0,0,0,0,0,0,0);
Insert into HKL.STOCK (STOCK_PRODUCT_CODE,STOCK_290,STOCK_295,STOCK_240,STOCK_245,STOCK_250,STOCK_255,STOCK_260,STOCK_265,STOCK_270,STOCK_275,STOCK_280,STOCK_285) values ('AA1171',0,0,0,0,0,0,0,0,0,0,0,0);
Insert into HKL.STOCK (STOCK_PRODUCT_CODE,STOCK_290,STOCK_295,STOCK_240,STOCK_245,STOCK_250,STOCK_255,STOCK_260,STOCK_265,STOCK_270,STOCK_275,STOCK_280,STOCK_285) values ('AA0173',0,0,0,0,0,0,0,0,0,0,0,0);
Insert into HKL.STOCK (STOCK_PRODUCT_CODE,STOCK_290,STOCK_295,STOCK_240,STOCK_245,STOCK_250,STOCK_255,STOCK_260,STOCK_265,STOCK_270,STOCK_275,STOCK_280,STOCK_285) values ('AA0273',0,0,0,0,0,0,0,0,0,0,0,0);
Insert into HKL.STOCK (STOCK_PRODUCT_CODE,STOCK_290,STOCK_295,STOCK_240,STOCK_245,STOCK_250,STOCK_255,STOCK_260,STOCK_265,STOCK_270,STOCK_275,STOCK_280,STOCK_285) values ('AA0373',0,0,0,0,0,0,0,0,0,0,0,0);
Insert into HKL.STOCK (STOCK_PRODUCT_CODE,STOCK_290,STOCK_295,STOCK_240,STOCK_245,STOCK_250,STOCK_255,STOCK_260,STOCK_265,STOCK_270,STOCK_275,STOCK_280,STOCK_285) values ('AA0473',0,0,0,0,0,0,0,0,0,0,0,0);
Insert into HKL.STOCK (STOCK_PRODUCT_CODE,STOCK_290,STOCK_295,STOCK_240,STOCK_245,STOCK_250,STOCK_255,STOCK_260,STOCK_265,STOCK_270,STOCK_275,STOCK_280,STOCK_285) values ('AA0573',0,0,0,0,0,0,0,0,0,0,0,0);
Insert into HKL.STOCK (STOCK_PRODUCT_CODE,STOCK_290,STOCK_295,STOCK_240,STOCK_245,STOCK_250,STOCK_255,STOCK_260,STOCK_265,STOCK_270,STOCK_275,STOCK_280,STOCK_285) values ('AA0673',0,0,0,0,0,0,0,0,0,0,0,0);
Insert into HKL.STOCK (STOCK_PRODUCT_CODE,STOCK_290,STOCK_295,STOCK_240,STOCK_245,STOCK_250,STOCK_255,STOCK_260,STOCK_265,STOCK_270,STOCK_275,STOCK_280,STOCK_285) values ('AA0773',0,0,0,0,0,0,0,0,0,0,0,0);
Insert into HKL.STOCK (STOCK_PRODUCT_CODE,STOCK_290,STOCK_295,STOCK_240,STOCK_245,STOCK_250,STOCK_255,STOCK_260,STOCK_265,STOCK_270,STOCK_275,STOCK_280,STOCK_285) values ('AA0873',0,0,0,0,0,0,0,0,0,0,0,0);
Insert into HKL.STOCK (STOCK_PRODUCT_CODE,STOCK_290,STOCK_295,STOCK_240,STOCK_245,STOCK_250,STOCK_255,STOCK_260,STOCK_265,STOCK_270,STOCK_275,STOCK_280,STOCK_285) values ('AA0151',0,0,0,0,0,0,0,0,0,0,0,0);
Insert into HKL.STOCK (STOCK_PRODUCT_CODE,STOCK_290,STOCK_295,STOCK_240,STOCK_245,STOCK_250,STOCK_255,STOCK_260,STOCK_265,STOCK_270,STOCK_275,STOCK_280,STOCK_285) values ('AA0251',0,0,0,0,0,0,0,0,0,0,0,0);
Insert into HKL.STOCK (STOCK_PRODUCT_CODE,STOCK_290,STOCK_295,STOCK_240,STOCK_245,STOCK_250,STOCK_255,STOCK_260,STOCK_265,STOCK_270,STOCK_275,STOCK_280,STOCK_285) values ('AA0351',0,0,0,0,0,0,0,0,0,0,0,0);
Insert into HKL.STOCK (STOCK_PRODUCT_CODE,STOCK_290,STOCK_295,STOCK_240,STOCK_245,STOCK_250,STOCK_255,STOCK_260,STOCK_265,STOCK_270,STOCK_275,STOCK_280,STOCK_285) values ('AA0451',0,0,0,0,0,0,0,0,0,0,0,0);
Insert into HKL.STOCK (STOCK_PRODUCT_CODE,STOCK_290,STOCK_295,STOCK_240,STOCK_245,STOCK_250,STOCK_255,STOCK_260,STOCK_265,STOCK_270,STOCK_275,STOCK_280,STOCK_285) values ('AA0551',0,0,0,0,0,0,0,0,0,0,0,0);
Insert into HKL.STOCK (STOCK_PRODUCT_CODE,STOCK_290,STOCK_295,STOCK_240,STOCK_245,STOCK_250,STOCK_255,STOCK_260,STOCK_265,STOCK_270,STOCK_275,STOCK_280,STOCK_285) values ('AA0651',0,0,0,0,0,0,0,0,0,0,0,0);
Insert into HKL.STOCK (STOCK_PRODUCT_CODE,STOCK_290,STOCK_295,STOCK_240,STOCK_245,STOCK_250,STOCK_255,STOCK_260,STOCK_265,STOCK_270,STOCK_275,STOCK_280,STOCK_285) values ('AA0152',0,0,0,0,0,0,0,0,0,0,0,0);
Insert into HKL.STOCK (STOCK_PRODUCT_CODE,STOCK_290,STOCK_295,STOCK_240,STOCK_245,STOCK_250,STOCK_255,STOCK_260,STOCK_265,STOCK_270,STOCK_275,STOCK_280,STOCK_285) values ('AA0252',0,0,0,0,0,0,0,0,0,0,0,0);
Insert into HKL.STOCK (STOCK_PRODUCT_CODE,STOCK_290,STOCK_295,STOCK_240,STOCK_245,STOCK_250,STOCK_255,STOCK_260,STOCK_265,STOCK_270,STOCK_275,STOCK_280,STOCK_285) values ('AA0352',0,0,0,0,0,0,0,0,0,0,0,0);
Insert into HKL.STOCK (STOCK_PRODUCT_CODE,STOCK_290,STOCK_295,STOCK_240,STOCK_245,STOCK_250,STOCK_255,STOCK_260,STOCK_265,STOCK_270,STOCK_275,STOCK_280,STOCK_285) values ('AA0452',0,0,0,0,0,0,0,0,0,0,0,0);
Insert into HKL.STOCK (STOCK_PRODUCT_CODE,STOCK_290,STOCK_295,STOCK_240,STOCK_245,STOCK_250,STOCK_255,STOCK_260,STOCK_265,STOCK_270,STOCK_275,STOCK_280,STOCK_285) values ('AA0552',0,0,0,0,0,0,0,0,0,0,0,0);
Insert into HKL.STOCK (STOCK_PRODUCT_CODE,STOCK_290,STOCK_295,STOCK_240,STOCK_245,STOCK_250,STOCK_255,STOCK_260,STOCK_265,STOCK_270,STOCK_275,STOCK_280,STOCK_285) values ('AA0652',0,0,0,0,0,0,0,0,0,0,0,0);
Insert into HKL.STOCK (STOCK_PRODUCT_CODE,STOCK_290,STOCK_295,STOCK_240,STOCK_245,STOCK_250,STOCK_255,STOCK_260,STOCK_265,STOCK_270,STOCK_275,STOCK_280,STOCK_285) values ('AA0752',0,0,0,0,0,0,0,0,0,0,0,0);
Insert into HKL.STOCK (STOCK_PRODUCT_CODE,STOCK_290,STOCK_295,STOCK_240,STOCK_245,STOCK_250,STOCK_255,STOCK_260,STOCK_265,STOCK_270,STOCK_275,STOCK_280,STOCK_285) values ('AA0852',0,0,0,0,0,0,0,0,0,0,0,0);
Insert into HKL.STOCK (STOCK_PRODUCT_CODE,STOCK_290,STOCK_295,STOCK_240,STOCK_245,STOCK_250,STOCK_255,STOCK_260,STOCK_265,STOCK_270,STOCK_275,STOCK_280,STOCK_285) values ('AA0952',0,0,0,0,0,0,0,0,0,0,0,0);
Insert into HKL.STOCK (STOCK_PRODUCT_CODE,STOCK_290,STOCK_295,STOCK_240,STOCK_245,STOCK_250,STOCK_255,STOCK_260,STOCK_265,STOCK_270,STOCK_275,STOCK_280,STOCK_285) values ('AA0153',0,0,0,0,0,0,0,0,0,0,0,0);
Insert into HKL.STOCK (STOCK_PRODUCT_CODE,STOCK_290,STOCK_295,STOCK_240,STOCK_245,STOCK_250,STOCK_255,STOCK_260,STOCK_265,STOCK_270,STOCK_275,STOCK_280,STOCK_285) values ('AA0253',0,0,0,0,0,0,0,0,0,0,0,0);
Insert into HKL.STOCK (STOCK_PRODUCT_CODE,STOCK_290,STOCK_295,STOCK_240,STOCK_245,STOCK_250,STOCK_255,STOCK_260,STOCK_265,STOCK_270,STOCK_275,STOCK_280,STOCK_285) values ('AA0353',0,0,0,0,0,0,0,0,0,0,0,0);
Insert into HKL.STOCK (STOCK_PRODUCT_CODE,STOCK_290,STOCK_295,STOCK_240,STOCK_245,STOCK_250,STOCK_255,STOCK_260,STOCK_265,STOCK_270,STOCK_275,STOCK_280,STOCK_285) values ('AA0453',0,0,0,0,0,0,0,0,0,0,0,0);
Insert into HKL.STOCK (STOCK_PRODUCT_CODE,STOCK_290,STOCK_295,STOCK_240,STOCK_245,STOCK_250,STOCK_255,STOCK_260,STOCK_265,STOCK_270,STOCK_275,STOCK_280,STOCK_285) values ('AA0553',0,0,0,0,0,0,0,0,0,0,0,0);
Insert into HKL.STOCK (STOCK_PRODUCT_CODE,STOCK_290,STOCK_295,STOCK_240,STOCK_245,STOCK_250,STOCK_255,STOCK_260,STOCK_265,STOCK_270,STOCK_275,STOCK_280,STOCK_285) values ('AA0653',0,0,0,0,0,0,0,0,0,0,0,0);
Insert into HKL.STOCK (STOCK_PRODUCT_CODE,STOCK_290,STOCK_295,STOCK_240,STOCK_245,STOCK_250,STOCK_255,STOCK_260,STOCK_265,STOCK_270,STOCK_275,STOCK_280,STOCK_285) values ('AA0753',0,0,0,0,0,0,0,0,0,0,0,0);
Insert into HKL.STOCK (STOCK_PRODUCT_CODE,STOCK_290,STOCK_295,STOCK_240,STOCK_245,STOCK_250,STOCK_255,STOCK_260,STOCK_265,STOCK_270,STOCK_275,STOCK_280,STOCK_285) values ('AA0853',0,0,0,0,0,0,0,0,0,0,0,0);
Insert into HKL.STOCK (STOCK_PRODUCT_CODE,STOCK_290,STOCK_295,STOCK_240,STOCK_245,STOCK_250,STOCK_255,STOCK_260,STOCK_265,STOCK_270,STOCK_275,STOCK_280,STOCK_285) values ('AA0953',0,0,0,0,0,0,0,0,0,0,0,0);
Insert into HKL.STOCK (STOCK_PRODUCT_CODE,STOCK_290,STOCK_295,STOCK_240,STOCK_245,STOCK_250,STOCK_255,STOCK_260,STOCK_265,STOCK_270,STOCK_275,STOCK_280,STOCK_285) values ('AA0154',0,0,0,0,0,0,0,0,0,0,0,0);
Insert into HKL.STOCK (STOCK_PRODUCT_CODE,STOCK_290,STOCK_295,STOCK_240,STOCK_245,STOCK_250,STOCK_255,STOCK_260,STOCK_265,STOCK_270,STOCK_275,STOCK_280,STOCK_285) values ('AA0254',0,0,0,0,0,0,0,0,0,0,0,0);
Insert into HKL.STOCK (STOCK_PRODUCT_CODE,STOCK_290,STOCK_295,STOCK_240,STOCK_245,STOCK_250,STOCK_255,STOCK_260,STOCK_265,STOCK_270,STOCK_275,STOCK_280,STOCK_285) values ('AA0354',0,0,0,0,0,0,0,0,0,0,0,0);
Insert into HKL.STOCK (STOCK_PRODUCT_CODE,STOCK_290,STOCK_295,STOCK_240,STOCK_245,STOCK_250,STOCK_255,STOCK_260,STOCK_265,STOCK_270,STOCK_275,STOCK_280,STOCK_285) values ('AA0454',0,0,0,0,0,0,0,0,0,0,0,0);
Insert into HKL.STOCK (STOCK_PRODUCT_CODE,STOCK_290,STOCK_295,STOCK_240,STOCK_245,STOCK_250,STOCK_255,STOCK_260,STOCK_265,STOCK_270,STOCK_275,STOCK_280,STOCK_285) values ('AA0554',0,0,0,0,0,0,0,0,0,0,0,0);
Insert into HKL.STOCK (STOCK_PRODUCT_CODE,STOCK_290,STOCK_295,STOCK_240,STOCK_245,STOCK_250,STOCK_255,STOCK_260,STOCK_265,STOCK_270,STOCK_275,STOCK_280,STOCK_285) values ('AA0654',0,0,0,0,0,0,0,0,0,0,0,0);


--------------------------------------------------------
--  관리자테스트계정
--------------------------------------------------------
Insert into HKL.MEMBER (MEMBER_ID,MEMBER_PW,MEMBER_NAME,MEMBER_EMAIL,MEMBER_TEL,MEMBER_REGDATE,MEMBER_ADDRESS,MEMBER_ADDRESS_MEMBER,MEMBER_ADDRESS_POSTCODE) values ('tester','$2a$10$MosjCbR..vD9oRF48S3E4.orRk6.FMAqRcp/EynVvPMf.blGwSv/2','홍길동','qwer1@hkl.com','01011111111',to_date('21/01/11','RR/MM/DD'),null,null,null);
Insert into HKL.AUTHORITIES (AUTHORITIES_MEMBER_ID,AUTHORITIES_MEMBER,AUTHORITIES_MANAGER,AUTHORITIES_ADMIN) values ('tester','ROLE_MEMBER','ROLE_MANAGER','ROLE_ADMIN');
